name,brand,category,price,price_source(real/danawa/estimated),claim_type,kcal,sugar_g,carb_g,protein_g,fat_g,sodium_mg,serving_size,serving_unit,sweeteners(쉼표구분),sweetener_amounts(이름:g),allergens(쉼표구분),stock,image_url,nutrition_facts_url,verification_source(제품 상세페이지 URL)
저당 망고 쫀득바 아이스크림,라라스윗,간식/디저트,28900,real,,80,4,24,1,1.2,30,75,mL,"알룰로스,아세설팜칼륨,효소처리스테비아,수크랄로스","알룰로스:3,아세설팜칼륨:0,효소처리스테비아:0,수크랄로스:0",,45,https://s3.zerofinder.co.kr/public/products/original/0NMBG53AXBR00.png,https://s3.zerofinder.co.kr/public/nutritionfacts/0NMBG670W7R00.png,https://zerofinder.co.kr/product/0NMBGKSFAKR00
저당 멜론 쫀득바 아이스크림,라라스윗,간식/디저트,28900,real,저당류,75,3,24,1,1.1,40,75,mL,"알룰로스,수크랄로스,아세설팜칼륨,효소처리스테비아","알룰로스:3,수크랄로스:0,아세설팜칼륨:0,효소처리스테비아:0",,12,https://s3.zerofinder.co.kr/public/products/original/0NMBCEAJ5KR00.png,https://s3.zerofinder.co.kr/public/nutritionfacts/0NMBCGW5YKR00.png,https://zerofinder.co.kr/product/0NMBFHQ433R00
망고 생요거트 파인트 474mL,라라스윗,간식/디저트,5900,real,저당류,80,3,17,1,3.8,30,80,mL,"알룰로스,에리스리톨,아세설팜칼륨,수크랄로스",,,6,https://s3.zerofinder.co.kr/public/products/original/0NPYBRBQS8800.png,https://s3.zerofinder.co.kr/public/nutritionfacts/0NMBB9AFAKR00.png,https://zerofinder.co.kr/product/0NMBBYNJRKR00
저당 골드키위파인 듬뿍바 아이스크림,라라스윗,간식/디저트,9900,real,,55,4,18,,,5,70,mL,"알룰로스,수크랄로스,아세설팜칼륨,에리스리톨","알룰로스:1,수크랄로스:0,아세설팜칼륨:0,에리스리톨:1",,52,https://s3.zerofinder.co.kr/public/products/original/0NMB8TG777R00.png,https://s3.zerofinder.co.kr/public/nutritionfacts/0NMB8VV7ZKR00.png,https://zerofinder.co.kr/product/0NMB9H20MFR00
저당 애플망고 생요거트바 아이스크림,라라스윗,간식/디저트,7110,real,저당류,75,3,18,1,2.7,25,75,mL,"알룰로스,에리스리톨,아세설팜칼륨,수크랄로스","알룰로스:1,에리스리톨:2,아세설팜칼륨:0,수크랄로스:0",,22,https://s3.zerofinder.co.kr/public/products/original/0NMAY8CPRZR00.png,https://s3.zerofinder.co.kr/public/nutritionfacts/0NMAYAFF2BR00.png,https://zerofinder.co.kr/product/0NMB5ADFB3R00
덴마크 드링킹 요구르트 제로 플레인,동원F&B(에프앤비) 정읍공장,유제품,11600,estimated,저당류,47,4.73,10.18,3.64,0,55,100,mL,,,,13,https://s3.zerofinder.co.kr/public/products/original/0NJQJWR07V000.png,https://s3.zerofinder.co.kr/public/nutritionfacts/0NJQJY6W93000.png,https://zerofinder.co.kr/product/0PCNV3FZFXHG7
덴마크 드링킹 요구르트 제로 사과,동원,유제품,14140,danawa,저당류,47,4.73,9.82,3.64,0,55,100,mL,말티톨,말티톨:0,,48,https://s3.zerofinder.co.kr/public/products/original/0NJQHYNRRF000.png,https://s3.zerofinder.co.kr/public/nutritionfacts/0NJQJ8B8G3000.png,https://zerofinder.co.kr/product/0PCNV3FZDMZ1D
제로윗 당제로 초코 모나카,펄세스,간식/디저트,20800,estimated,무당류,106,0,20.72,1.43,6.43,26,100,mL,"알룰로스,에리스리톨,수크랄로스","알룰로스:0,에리스리톨:0,수크랄로스:0",,39,https://s3.zerofinder.co.kr/public/products/original/0NJQGDAWVZ000.png,https://s3.zerofinder.co.kr/public/nutritionfacts/0NJQGM3FWQ000.png,https://zerofinder.co.kr/product/0PCNV3FZDGNC6
제로아워 알파시디 애사비 사과맛,건강한사람들,음료,15200,estimated,무당류,3,0,3.14,0,0,9,100,mL,"에리스리톨,수크랄로스,스테비올 배당체","에리스리톨:0,수크랄로스:0,스테비올 배당체:0",,32,https://s3.zerofinder.co.kr/public/products/original/0NJQFWBSZV000.png,,https://zerofinder.co.kr/product/0PCNV3FZDETPZ
모구모구 제로슈가 써머베리,모구모구,음료,14200,estimated,무당류,8,0,2,0,0,85,100,mL,"아세설팜칼륨,수크랄로스,스테비올 배당체","아세설팜칼륨:0,수크랄로스:0,스테비올 배당체:0",,10,https://s3.zerofinder.co.kr/public/products/original/0NJQF58AGV000.png,,https://zerofinder.co.kr/product/0PCNV3FZD9BT1
파리의 이온비타제로 납작복숭아 레몬,퓨어플러스,음료,47520,real,무당류,1,0,2.5,0,0,35,100,mL,"에리스리톨,수크랄로스","에리스리톨:0,수크랄로스:0",,18,https://s3.zerofinder.co.kr/public/products/original/0NJQDZ8463000.png,,https://zerofinder.co.kr/product/0PCNV3FZD7E9P
망고 생요거트 파인트,라라스윗,간식/디저트,33900,real,저당류,107,4.29,25.72,1.43,3.86,36,100,mL,"에리스리톨,알룰로스","에리스리톨:3,알룰로스:1",,19,https://s3.zerofinder.co.kr/public/products/original/0NJBX9161G400.png,,https://zerofinder.co.kr/product/0NJBXHJR64400
하이드로 웨이 제로 바닐라,바이오테크,음료,96480,danawa,무당류,264,0,8,58,0,1350,100,g,수크랄로스,수크랄로스:0,,6,https://s3.zerofinder.co.kr/public/products/original/0NJ26TCK4R400.png,,https://zerofinder.co.kr/product/0PCNV3FZD19TQ
슈퍼제로 락토프리 우유,남양,유제품,2490,real,저당류,34,4.6,5.5,3,0,50,100,mL,,,,40,https://s3.zerofinder.co.kr/public/products/original/0NJ26MYK4C400.png,,https://zerofinder.co.kr/product/0PCZ71C2A6N4D
포지타노 제로슈가 캔디 레몬맛,페를레디솔레,간식/디저트,4830,real,무당류,92,0,38.4,0,0,0,100,g,"이소말트,D-소비톨액,아세설팜칼륨,수크랄로스","이소말트:0,D-소비톨액:0,아세설팜칼륨:0,수크랄로스:0",,17,https://s3.zerofinder.co.kr/public/products/original/0NJ263XCB0400.png,,https://zerofinder.co.kr/product/0PCNV3FZD14FX
뉴욕 셀처 블랙 체리 맛 스파클링 워터 제로,튤립인터내셔널,음료,26700,estimated,무당류,9,0,2.31,0.02,0,15,100,mL,,,,49,https://s3.zerofinder.co.kr/public/products/original/0NJ25CDKHG400.png,,https://zerofinder.co.kr/product/0PCNV3FZD0G5K
제로슈가 단백질바 피넛버터 다크초콜릿,KIND,간식/디저트,18100,estimated,저당류,150,1,14,5,12,65,35,g,알룰로스,알룰로스:0,,19,https://s3.zerofinder.co.kr/public/products/original/0NJ24Q2XT4400.png,,https://zerofinder.co.kr/product/0PCNV3FZCZSJS
오로바일렌 피쿠알 엑스트라버진 올리브오일,오로바일렌,유제품,14000,estimated,무당류,837,0,0,0,93,0,100,mL,,,,22,https://s3.zerofinder.co.kr/public/products/original/0NHWN4J8C0400.png,,https://zerofinder.co.kr/product/0PCNV3FZCXJTW
서울팩토리 제로 티 베이스 캐모마일&사과향 아이스티 액상,서울팩토리,음료,29500,real,저당류,23,1,41,0,0,80,100,g,"아세설팜칼륨,수크랄로스,아라비아검","아세설팜칼륨:0,수크랄로스:0,아라비아검:0",,56,https://s3.zerofinder.co.kr/public/products/original/0NHSSA5A2G400.png,,https://zerofinder.co.kr/product/0PCNV3FZF0BB6
자몽 허니  블랙 티 베이스 제로,푸른나무,음료,17920,danawa,저당류,33,2,8,0,0.2,0,100,g,"수크랄로스,아세설팜칼륨","수크랄로스:0,아세설팜칼륨:0",,53,https://s3.zerofinder.co.kr/public/products/original/0NHSR6HN0C400.png,https://s3.zerofinder.co.kr/public/nutritionfacts/0NHSRDJMK4400.png,https://zerofinder.co.kr/product/0PCNV3FZCXHJH
제로푸냥이 푸딩젤리 라임콜라맛,건영제과,간식/디저트,21700,estimated,무당류,0,0,0,0,0,17,100,g,"수크랄로스,아세설팜칼륨,에리스리톨","수크랄로스:0,아세설팜칼륨:0,에리스리톨:0",,49,https://s3.zerofinder.co.kr/public/products/original/0NHSQVC3W4400.png,,https://zerofinder.co.kr/product/0PCNV3FZCXA5E
아질산나트륨 무첨가 저먼제로 비엔나,태림에프웰,육가공품,19200,estimated,저당류,314,1,6,14,26,525,100,g,,,,22,https://s3.zerofinder.co.kr/public/products/original/0NHSQ9TSP4400.png,,https://zerofinder.co.kr/product/0PCNV3FZCWXDJ
잇츠베러 제로슈가 쿠키 더블초코,잇츠베러,간식/디저트,2410,real,무당류,440,0,62.5,15,20,600,100,g,"D-말티톨,수크랄로스","D-말티톨:0,수크랄로스:0",,14,https://s3.zerofinder.co.kr/public/products/original/0NHSPERK3M400.png,,https://zerofinder.co.kr/product/0PCNV3FZCWJTS
멜론,더단백,음료,39900,danawa,무당류,109,0.9,5.7,20,0.7,23,250,mL,"알룰로스,수크랄로스,아세설팜칼륨","알룰로스:1.6,수크랄로스:0,아세설팜칼륨:0",,53,https://s3.zerofinder.co.kr/public/products/original/0MNZ1BVT6Z000.png,https://s3.zerofinder.co.kr/public/nutritionfacts/0MNZ1FSAJB000.png,https://zerofinder.co.kr/product/0MNZ207K6F000
그릭슈바인 제로닭 청양고추,에스피씨삼립 서천공장,육가공품,11900,real,무당류,167,0,0.8,14,12,500,80,g,효소처리스테비아,효소처리스테비아:0,,26,https://s3.zerofinder.co.kr/public/products/original/0MJQVQPYQX400.png,https://s3.zerofinder.co.kr/public/nutritionfacts/0M2EAXG0W6W00.png,https://zerofinder.co.kr/product/0PCNV3FZ8E4B8
오늘좋은 아샷추 복숭아 제로,태웅식품,음료,5040,danawa,,5,,1,,,15,100,mL,"수크랄로스,아세설팜칼륨","수크랄로스:0,아세설팜칼륨:0",,29,https://s3.zerofinder.co.kr/public/products/original/0MEN5QWM29400.png,https://s3.zerofinder.co.kr/public/nutritionfacts/0MEN5R38P1400.png,https://zerofinder.co.kr/product/0MEN5ZH9D1400
링티 제로 복숭아맛,삼양,음료,25830,danawa,,,,9,,,110,340,g,"에리스리톨,아라비아검,수크랄로스","에리스리톨:0,아라비아검:0,수크랄로스:0",,59,https://s3.zerofinder.co.kr/public/products/original/0MEN5BSK8H400.png,https://s3.zerofinder.co.kr/public/nutritionfacts/0MEN5C3BXX400.png,https://zerofinder.co.kr/product/0MEN5JPTPS400
닥터로빈 제로 떡볶이 로제,한맥푸드,즉석식품,26100,estimated,무당류,160,0,37,1,3,246,100,g,"에리스리톨,알룰로스","에리스리톨:0,알룰로스:0",,21,https://s3.zerofinder.co.kr/public/products/original/0MEN4T278D400.png,https://s3.zerofinder.co.kr/public/nutritionfacts/0MEN4TRF91400.png,https://zerofinder.co.kr/product/0MEN526FHS400
고단백 저당 슬랩,널담,간식/디저트,18540,danawa,무당류,223,1.5,39,14,1.4,435,600,g,,,,51,https://s3.zerofinder.co.kr/public/products/original/0MDX5N56JS400.png,https://s3.zerofinder.co.kr/public/nutritionfacts/0MDX5QGYA9400.png,https://zerofinder.co.kr/product/0MDX5XQ489400
고단백 배꼽 베이글 플레인,널담,간식/디저트,7660,danawa,저당류,391,1.5,61,21,8,658,140,g,에리스리톨,에리스리톨:0,,12,https://s3.zerofinder.co.kr/public/products/original/0MDX53D0DH400.png,https://s3.zerofinder.co.kr/public/nutritionfacts/0MDX4QW2S1400.png,https://zerofinder.co.kr/product/0MDX50XBD5400
고단백 저당 포카치아 토마토바질치즈,널담,간식/디저트,15500,danawa,저당류,184,3.2,24,15,3.1,401,90,g,,,,29,https://s3.zerofinder.co.kr/public/products/original/0MDX304FDS400.png,https://s3.zerofinder.co.kr/public/nutritionfacts/0MDX2N24PD400.png,https://zerofinder.co.kr/product/0MDX2XEE9X400
고단백 저당 포카치아 감자페퍼,널담,간식/디저트,15400,danawa,저당류,232,2.5,28,16,5.9,635,90,g,,,,23,https://s3.zerofinder.co.kr/public/products/original/0MDQ5RRH19400.png,https://s3.zerofinder.co.kr/public/nutritionfacts/0MDQ5R93TN400.png,https://zerofinder.co.kr/product/0MDQ62MJPX400
프로틴 초코맛,얼티브,음료,21320,danawa,무당류,125,0,2,21,3.9,330,250,mL,"아세설팜칼륨,수크랄로스","아세설팜칼륨:0,수크랄로스:0",,44,https://s3.zerofinder.co.kr/public/products/original/0MDQ37SJ51400.png,https://s3.zerofinder.co.kr/public/nutritionfacts/0MDQ3991CX400.png,https://zerofinder.co.kr/product/0MDQ3FREPS400
프로틴 바나나,얼티브,음료,49000,danawa,무당류,115,0,0,21,3.4,450,250,mL,"수크랄로스,아세설팜칼륨","수크랄로스:0,아세설팜칼륨:0",,28,https://s3.zerofinder.co.kr/public/products/original/0MDQ2SX51H400.png,https://s3.zerofinder.co.kr/public/nutritionfacts/0MDQ2VAZCH400.png,https://zerofinder.co.kr/product/0MDQ318849400
프로틴 로얄밀크티향,얼티브,음료,54660,danawa,무당류,115,0,1,20,3.3,380,250,mL,"아세설팜칼륨,수크랄로스","아세설팜칼륨:0,수크랄로스:0",,50,https://s3.zerofinder.co.kr/public/products/original/0MDQ2CSYDS400.png,https://s3.zerofinder.co.kr/public/nutritionfacts/0MDQ2EYW4N400.png,https://zerofinder.co.kr/product/0MDQ2N50TX400
프로틴 피스타치오맛,얼티브,음료,54390,danawa,무당류,115,0,1,21,3.1,420,250,mL,"아세설팜칼륨,수크랄로스","아세설팜칼륨:0,수크랄로스:0",,47,https://s3.zerofinder.co.kr/public/products/original/0MDQ1ZWTCD400.png,https://s3.zerofinder.co.kr/public/nutritionfacts/0MDQ2225RH400.png,https://zerofinder.co.kr/product/0MDQ280Y05400
프로틴 쌀밥맛,얼티브,음료,45600,danawa,,110,,,21,3.1,350,250,mL,"아세설팜칼륨,수크랄로스","아세설팜칼륨:0,수크랄로스:0",,23,https://s3.zerofinder.co.kr/public/products/original/0MDPZQCD4N400.png,https://s3.zerofinder.co.kr/public/nutritionfacts/0MDPZQMMSX400.png,https://zerofinder.co.kr/product/0MDQ029T9H400
프로틴 단백질 밤맛,얼티브,음료,29900,danawa,,115,,1,21,3.3,320,250,mL,"아세설팜칼륨,수크랄로스","아세설팜칼륨:0,수크랄로스:0",,59,https://s3.zerofinder.co.kr/public/products/original/0MDPZ5HYEW800.png,https://s3.zerofinder.co.kr/public/nutritionfacts/0MDPZ5KGBM800.png,https://zerofinder.co.kr/product/0MDPZFFC15400
맛있는 곤약젤리 골드키위 & 파인,슈가로로,간식/디저트,13700,estimated,,4,,12,,,75,150,g,"에리스리톨,수크랄로스","에리스리톨:11,수크랄로스:0",,11,https://s3.zerofinder.co.kr/public/products/original/0MDCBRN92RM00.png,https://s3.zerofinder.co.kr/public/nutritionfacts/0MDCAPYWGCM00.png,https://zerofinder.co.kr/product/0MDCB1WK5GM00
맛있는 곤약젤리 청포도,슈가로로,간식/디저트,14980,danawa,,4,,13,,,80,150,g,"에리스리톨,수크랄로스","에리스리톨:12,수크랄로스:0",,34,https://s3.zerofinder.co.kr/public/products/original/0MDC8ZYP08M00.png,https://s3.zerofinder.co.kr/public/nutritionfacts/0MDC92VCJCM00.png,https://zerofinder.co.kr/product/0MDC98ZG8MM00
맛있는 곤약젤리 망고,슈가로로,간식/디저트,13900,danawa,,4,,14,,,85,150,g,"에리스리톨,수크랄로스","에리스리톨:12.5,수크랄로스:0",,28,https://s3.zerofinder.co.kr/public/products/original/0MDC8AFDXCM00.png,https://s3.zerofinder.co.kr/public/nutritionfacts/0MDC8CTB5RM00.png,https://zerofinder.co.kr/product/0MDC8MM794M00
맛있는 곤약젤리 복숭아,슈가로로,간식/디저트,27000,danawa,,4,,13,,,,150,g,"에리스리톨,수크랄로스","에리스리톨:12,수크랄로스:0",,27,https://s3.zerofinder.co.kr/public/products/original/0MDC7AZK20M00.png,https://s3.zerofinder.co.kr/public/nutritionfacts/0MDC7EBESGM00.png,https://zerofinder.co.kr/product/0MDC7P1XX0M00
무설탕 비타민 구미 젤리 복숭아,슈가로로,간식/디저트,137220,danawa,,88,18,28,2,,10,45,g,"말티톨,D-말티톨,효소처리스테비아","말티톨:0,D-말티톨:0,효소처리스테비아:0",,22,https://s3.zerofinder.co.kr/public/products/original/0MDC6DA2NWM00.png,https://s3.zerofinder.co.kr/public/nutritionfacts/0MDC6JWCNCM00.png,https://zerofinder.co.kr/product/0MDC6TPFFWM00
스파클링 샤인머스캣,슈가로로,음료,17290,real,,,,1,,,30,350,mL,"에리스리톨,스테비올 배당체,아세설팜칼륨","에리스리톨:1,스테비올 배당체:0,아세설팜칼륨:0",,49,https://s3.zerofinder.co.kr/public/products/original/0MDC5AKHJWM00.png,https://s3.zerofinder.co.kr/public/nutritionfacts/0MDC5DQAVCM00.png,https://zerofinder.co.kr/product/0MDC5PH508M00
스파클링 복숭아 탄산음료,슈가로로,음료,39000,danawa,,0,,1.3,,,27,350,mL,"에리스리톨,수크랄로스,아세설팜칼륨","에리스리톨:1,수크랄로스:0,아세설팜칼륨:0",,46,https://s3.zerofinder.co.kr/public/products/original/0MDC45JGWWM00.png,https://s3.zerofinder.co.kr/public/nutritionfacts/0MDC47Y0NWM00.png,https://zerofinder.co.kr/product/0MDC4S1FYRM00
리얼 닭가슴살칩 오리지널,신선어람,육가공품,50460,danawa,저당류,110,1,1,23,1.3,220,30,g,,,,45,https://s3.zerofinder.co.kr/public/products/original/0MC2ZHZWGY000.png,https://s3.zerofinder.co.kr/public/nutritionfacts/0MC2ZN2RWP000.png,https://zerofinder.co.kr/product/0MC2ZSW3TJ000
리얼 닭가슴살칩 블랙페퍼,신선어람,육가공품,15100,estimated,저당류,105,1,2,22,1.2,220,30,g,,,,51,https://s3.zerofinder.co.kr/public/products/original/0MC2YDE5F2000.png,https://s3.zerofinder.co.kr/public/nutritionfacts/0MC2YF49JA000.png,https://zerofinder.co.kr/product/0MC2Z6026Y000
리얼 닭가슴살칩 허브갈릭,신선어람,육가공품,16300,estimated,저당류,110,1,0,23,1.3,210,30,g,,,,34,https://s3.zerofinder.co.kr/public/products/original/0MC2WWGWXE000.png,https://s3.zerofinder.co.kr/public/nutritionfacts/0MC2WXG0P2000.png,https://zerofinder.co.kr/product/0MC2XT2962000
리얼 닭가슴살칩 스파이시,신선어람,육가공품,22040,danawa,,115,2,3,22,1.5,310,30,g,효소처리스테비아,효소처리스테비아:0,,45,https://s3.zerofinder.co.kr/public/products/original/0MC2W58K3P000.png,https://s3.zerofinder.co.kr/public/nutritionfacts/0MC2W7B276000.png,https://zerofinder.co.kr/product/0MC2WJKSBP000
제로슈가 춘천식 닭갈비,한강식품,육가공품,23500,estimated,무당류,203,0,6,11.1,15.26,400,100,g,효소처리스테비아,효소처리스테비아:0,,19,https://s3.zerofinder.co.kr/public/products/original/0MBB8KQYPBR00.png,https://s3.zerofinder.co.kr/public/nutritionfacts/0M1DK7C47T400.png,https://zerofinder.co.kr/product/0PCNV3FZ68T0R
밀크초코볼 헤이즐넛,마이노멀,간식/디저트,20000,estimated,,163,2,11,3,15,10,30,g,알룰로스,알룰로스:7,,58,https://s3.zerofinder.co.kr/public/products/original/0M9GWR17V3R00.png,https://s3.zerofinder.co.kr/public/nutritionfacts/0M9GWK2X8KR00.png,https://zerofinder.co.kr/product/0M9GWW64ZZR00
초콜릿 아이스크림,마이노멀,간식/디저트,9600,real,저당류,120,2,14,3,10,25,100,mL,"알룰로스,효소처리스테비아","알룰로스:7,효소처리스테비아:0",,54,https://s3.zerofinder.co.kr/public/products/original/0M9GW1NZ2FR00.png,https://s3.zerofinder.co.kr/public/nutritionfacts/0M9GW20GFKR00.png,https://zerofinder.co.kr/product/0M9GW762QZR00
알룰로스,마이노멀,기타,29000,danawa,,0,,99,,,,350,g,"스테비올 배당체,나한과추출분말,알룰로스","스테비올 배당체:0,나한과추출분말:0,알룰로스:99",,19,https://s3.zerofinder.co.kr/public/products/original/0M9GVGRW9QR00.png,https://s3.zerofinder.co.kr/public/nutritionfacts/0M9GVJ8Z5BR00.png,https://zerofinder.co.kr/product/0M9GVNJZB7R00
저당 바닐라 라떼,마이노멀,음료,31720,danawa,저당류,110,8,22,5,5,90,250,mL,"알룰로스,효소처리스테비아,나한과추출분말","알룰로스:11,효소처리스테비아:0,나한과추출분말:0",,56,https://s3.zerofinder.co.kr/public/products/original/0M9GTZ56PKR00.png,https://s3.zerofinder.co.kr/public/nutritionfacts/0M9GV11N7ZR00.png,https://zerofinder.co.kr/product/0M9GV6VM3VR00
제로젤리 포도베어,마이노멀,간식/디저트,14900,estimated,무당류,40,0,28,3,0,0,38,g,"알룰로스,효소처리스테비아","알룰로스:15,효소처리스테비아:0",,22,https://s3.zerofinder.co.kr/public/products/original/0M9GT57FQQR00.png,https://s3.zerofinder.co.kr/public/nutritionfacts/0M9GT75DEQR00.png,https://zerofinder.co.kr/product/0M9GTMAAN7R00
무가당 땅콩버터 스틱 크런치,마이노멀,간식/디저트,31720,danawa,저당류,120,1,4,6,9,0,20,g,,,,41,https://s3.zerofinder.co.kr/public/products/original/0M9GSATAZFR00.png,https://s3.zerofinder.co.kr/public/nutritionfacts/0M9GSC7AY7R00.png,https://zerofinder.co.kr/product/0M9GSMRJY7R00
오리지널 디카페인 방탄커피,마이노멀,음료,43830,danawa,무당류,150,0,3.8,2,13.8,20,230,mL,,,,25,https://s3.zerofinder.co.kr/public/products/original/0M9GRTYHCVR00.png,https://s3.zerofinder.co.kr/public/nutritionfacts/0M9GRXNXVBR00.png,https://zerofinder.co.kr/product/0M9GS6T297R00
바닐라 아이스크림,마이노멀,간식/디저트,13400,estimated,저당류,110,2,14.7,2.7,7.4,30,100,g,"알룰로스,효소처리스테비아","알룰로스:6,효소처리스테비아:0",,36,https://s3.zerofinder.co.kr/public/products/original/0M9GR1BZZVR00.png,https://s3.zerofinder.co.kr/public/nutritionfacts/0M9GR1MS27R00.png,https://zerofinder.co.kr/product/0M9GRDMM0BR00
초코잼,마이노멀,조미료/소스,12900,estimated,저당류,210,3.3,49,7,15,80,100,g,"알룰로스,나한과추출분말,효소처리스테비아","알룰로스:37,나한과추출분말:0,효소처리스테비아:0",,46,https://s3.zerofinder.co.kr/public/products/original/0M96XNXMABR00.png,https://s3.zerofinder.co.kr/public/nutritionfacts/0M96XR9JT3R00.png,https://zerofinder.co.kr/product/0M96XYT2H7R00
저당 굴소스,마이노멀,조미료/소스,7970,real,무당류,20,0,29,3,0,4050,100,g,"알룰로스,나한과추출분말","알룰로스:27,나한과추출분말:0",,34,https://s3.zerofinder.co.kr/public/products/original/0M96WCKNWFR00.png,https://s3.zerofinder.co.kr/public/nutritionfacts/0M96WG5WEVR00.png,https://zerofinder.co.kr/product/0M96WP17ZKR00
저당 저칼로리 블루베리잼,마이노멀,조미료/소스,12250,real,저당류,30,4.8,62,1,0,3,100,g,알룰로스,알룰로스:55,,14,https://s3.zerofinder.co.kr/public/products/original/0M96W0ZB7KR00.png,https://s3.zerofinder.co.kr/public/nutritionfacts/0M96W1ZH6BR00.png,https://zerofinder.co.kr/product/0M96W5ZHYQR00
저당 고추장,마이노멀,조미료/소스,11400,estimated,,100,,40,6,3.3,2450,100,g,알룰로스,알룰로스:29,,20,https://s3.zerofinder.co.kr/public/products/original/0M96VJH9VZR00.png,https://s3.zerofinder.co.kr/public/nutritionfacts/0M96VKA677R00.png,https://zerofinder.co.kr/product/0M96VRES7KR00
무가당 땅콩버터 100% 크런치,마이노멀,조미료/소스,10900,danawa,,620,6,21,28,47,0,100,g,,,,39,https://s3.zerofinder.co.kr/public/products/original/0M96TXWR27R00.png,https://s3.zerofinder.co.kr/public/nutritionfacts/0M96V1YJNZR00.png,https://zerofinder.co.kr/product/0M96VBEGZ7R00
저당 머스타드,마이노멀,조미료/소스,40580,danawa,무당류,144,0,29,2,12,770,100,g,"알룰로스,스테비올 배당체","알룰로스:21,스테비올 배당체:0",,42,https://s3.zerofinder.co.kr/public/products/original/0M96TCK28FR00.png,https://s3.zerofinder.co.kr/public/nutritionfacts/0M96TDPY1BR00.png,https://zerofinder.co.kr/product/0M96TR4FMZR00
저당 드레싱 참깨흑임자,마이노멀,조미료/소스,20330,danawa,무당류,315,0,14,2,34,520,100,g,"알룰로스,스테비올 배당체","알룰로스:14,스테비올 배당체:0",,42,https://s3.zerofinder.co.kr/public/products/original/0M96SJBTW3R00.png,https://s3.zerofinder.co.kr/public/nutritionfacts/0M96SMC9DQR00.png,https://zerofinder.co.kr/product/0M96SV03AQR00
저당 오리엔탈 드레싱,마이노멀,조미료/소스,20330,danawa,무당류,65,0,25,2,6,1720,100,g,"알룰로스,스테비올 배당체","알룰로스:24,스테비올 배당체:0",,19,https://s3.zerofinder.co.kr/public/products/original/0M96S10SE7R00.png,https://s3.zerofinder.co.kr/public/nutritionfacts/0M96S63GZBR00.png,https://zerofinder.co.kr/product/0M96SCB5FVR00
저칼로리 케찹,마이노멀,조미료/소스,15900,danawa,저당류,37,5,20,2,0.5,1140,100,g,"알룰로스,스테비올 배당체","알룰로스:13,스테비올 배당체:0",,13,https://s3.zerofinder.co.kr/public/products/original/0M96RDWBV3R00.png,https://s3.zerofinder.co.kr/public/nutritionfacts/0M96RFMQ0ZR00.png,https://zerofinder.co.kr/product/0M96RWDNJQR00
딸기잼,마이노멀,조미료/소스,14200,estimated,저당류,30,3,62,1,0,5,100,g,알룰로스,알룰로스:55,,10,https://s3.zerofinder.co.kr/public/products/original/0M96QQQNV7R00.png,https://s3.zerofinder.co.kr/public/nutritionfacts/0M96QRKBC3R00.png,https://zerofinder.co.kr/product/0M96R72MYFR00
저당 마요네즈,마이노멀,조미료/소스,40900,danawa,무당류,560,0,8,1,60,610,100,g,"스테비올 배당체,알룰로스","스테비올 배당체:0,알룰로스:3",,60,https://s3.zerofinder.co.kr/public/products/original/0M96N4XZQZR00.png,https://s3.zerofinder.co.kr/public/nutritionfacts/0M96N8R7QFR00.png,https://zerofinder.co.kr/product/0M96NG14QVR00
저당 저칼로리 알룰로스,마이노멀,조미료/소스,45950,danawa,저당류,8,1,72,0,0,0,100,g,"알룰로스,스테비올 배당체,아라비아검","알룰로스:70,스테비올 배당체:0,아라비아검:0",,45,https://s3.zerofinder.co.kr/public/products/original/0M96MVBJQZR00.png,https://s3.zerofinder.co.kr/public/nutritionfacts/0M96M8J743R00.png,https://zerofinder.co.kr/product/0M96MQT07BR00
뺀닭 제로슈가 닭가슴살 데리야끼맛,미가온푸드,육가공품,14900,estimated,무당류,115,0,2,22,2.1,430,100,g,"알룰로스,D-소비톨액","알룰로스:0,D-소비톨액:0",,48,https://s3.zerofinder.co.kr/public/products/original/0M88TBRP36800.png,https://s3.zerofinder.co.kr/public/nutritionfacts/0M88TCP04Y800.png,https://zerofinder.co.kr/product/0PCNV3FZEZ7WG
뺀닭 제로슈가 닭가슴살 허니갈릭맛,미가온푸드,육가공품,19200,estimated,무당류,110,0,7,18,1.1,550,100,g,알룰로스,알룰로스:0,,9,https://s3.zerofinder.co.kr/public/products/original/0M88SKSSXJ800.png,https://s3.zerofinder.co.kr/public/nutritionfacts/0M88SJDWQE800.png,https://zerofinder.co.kr/product/0PCNV3FZCVXRP
젤리블리 제로슈거 납작복숭아 젤리,젤리블리,간식/디저트,15800,estimated,무당류,4,0,9.8,0,0,45,60,g,"에리스리톨,수크랄로스,효소처리스테비아","에리스리톨:8.72,수크랄로스:0,효소처리스테비아:0",,43,https://s3.zerofinder.co.kr/public/products/original/0M88R748JJ800.png,https://s3.zerofinder.co.kr/public/nutritionfacts/0M88R7VYTP800.png,https://zerofinder.co.kr/product/0PCNV3FZCS8FN
왓더파머스 제로 알룰로스 액상,왓더파머스,간식/디저트,20450,danawa,무당류,10,0,74,0,0,0,100,g,알룰로스,알룰로스:71,,38,https://s3.zerofinder.co.kr/public/products/original/0M88QKE0EJ800.png,https://s3.zerofinder.co.kr/public/nutritionfacts/0M88QNJK0Y800.png,https://zerofinder.co.kr/product/0PCNV3FZCS5EQ
잇츠베러 제로슈가 황치즈향 쿠키,잇츠베러,간식/디저트,14000,estimated,무당류,173,0,25,6,7,320,40,g,"D-말티톨,효소처리스테비아","D-말티톨:0,효소처리스테비아:0",,40,https://s3.zerofinder.co.kr/public/products/original/0M88PHW9NP800.png,https://s3.zerofinder.co.kr/public/nutritionfacts/0M88PMZTYY800.png,https://zerofinder.co.kr/product/0PCNV3FZCQ11B
아침에 좋은빵 제로슈가 통밀빵,와이앤제이코퍼레이션,간식/디저트,22500,estimated,저당류,268,1.2,43.28,9.74,6.26,8,100,g,,,,5,https://s3.zerofinder.co.kr/public/products/original/0M88NNYC0J800.png,https://s3.zerofinder.co.kr/public/nutritionfacts/0M88NR72QJ800.png,https://zerofinder.co.kr/product/0PCNV3FZCN131
잇츠베러 제로슈가 스윗오트 쿠키,잇츠베러,간식/디저트,20000,estimated,무당류,173,0,25,6,7,250,40,g,"D-말티톨,효소처리스테비아,수크랄로스","D-말티톨:0,효소처리스테비아:0,수크랄로스:0",,12,https://s3.zerofinder.co.kr/public/products/original/0M88MB9CH2800.png,https://s3.zerofinder.co.kr/public/nutritionfacts/0M88MCXVAP800.png,https://zerofinder.co.kr/product/0PCNV3FZCMNWW
제로 복숭아 아이스티베이스,그린트리,간식/디저트,18390,danawa,무당류,4,0.08,8.39,0.07,0.11,3,100,g,"에리스리톨,알룰로스,수크랄로스,효소처리스테비아,아세설팜칼륨","에리스리톨:0,알룰로스:0,수크랄로스:0,효소처리스테비아:0,아세설팜칼륨:0",,39,https://s3.zerofinder.co.kr/public/products/original/0M88K1TR6Y800.png,https://s3.zerofinder.co.kr/public/nutritionfacts/0M88KHXYCP800.png,https://zerofinder.co.kr/product/0PCNV3FZCHDXH
라이블링 애사비 소다 제로 사과맛,웅진,음료,27300,estimated,무당류,24,2,4,0,0.7,30,500,mL,"아세설팜칼륨,수크랄로스","아세설팜칼륨:0,수크랄로스:0",,54,https://s3.zerofinder.co.kr/public/products/original/0M88JBV3EE800.png,https://s3.zerofinder.co.kr/public/nutritionfacts/0M88JDGVZP800.png,https://zerofinder.co.kr/product/0PCNV3FZCFRYJ
데일리구미 멀티비타민 제로슈가,서주2공장,간식/디저트,19400,estimated,무당류,427,0,123,12,1.2,15.7,150,g,"D-소비톨액,아라비아검,효소처리스테비아","D-소비톨액:0,아라비아검:0,효소처리스테비아:0",,12,https://s3.zerofinder.co.kr/public/products/original/0M7YPD9JNE800.png,https://s3.zerofinder.co.kr/public/nutritionfacts/0M7YPFANTE800.png,https://zerofinder.co.kr/product/0PCNV3FZCD6DG
비타민C1000 스파클링 제로,고려은단,음료,24570,danawa,무당류,10,0,12,0,0,75,250,mL,"에리스리톨,효소처리스테비아,수크랄로스,아세설팜칼륨,아라비아검","에리스리톨:9,효소처리스테비아:0,수크랄로스:0,아세설팜칼륨:0,아라비아검:0",,15,https://s3.zerofinder.co.kr/public/products/original/0M7YNCJMCA800.png,https://s3.zerofinder.co.kr/public/nutritionfacts/0M7YNERKFY800.png,https://zerofinder.co.kr/product/0PCNV3FZC6439
제로아워 알파시디 레몬수,퓨럽,음료,21900,estimated,무당류,15,0,12,0,0,5,500,mL,"에리스리톨,수크랄로스,스테비올 배당체","에리스리톨:6.95,수크랄로스:0,스테비올 배당체:0",,51,https://s3.zerofinder.co.kr/public/products/original/0M7YKTJBJA800.png,https://s3.zerofinder.co.kr/public/nutritionfacts/0M7YKXC4D2800.png,https://zerofinder.co.kr/product/0PCNV3FZBS7F4
세네 에너지 제로슈거 자몽,상일,음료,10000,danawa,무당류,0,0,2.55,1,0,25,250,mL,"에리스리톨,아세설팜칼륨,수크랄로스","에리스리톨:2.5,아세설팜칼륨:0,수크랄로스:0",,21,https://s3.zerofinder.co.kr/public/products/original/0M7YJSD13J800.png,https://s3.zerofinder.co.kr/public/nutritionfacts/0M7YJVMR12800.png,https://zerofinder.co.kr/product/0PCNV3FZBPP26
이강베 제로복숭아아이스티,자연농장,음료,31300,estimated,무당류,1,0,0,0,0,1,20,g,알룰로스,알룰로스:2.8,,53,https://s3.zerofinder.co.kr/public/products/original/0M7YHHMGW6800.png,https://s3.zerofinder.co.kr/public/nutritionfacts/0M7YHVJ0RE800.png,https://zerofinder.co.kr/product/0PCNV3FZBMDCR
이디야 제로슈가쿠키 스윗오트,더플랜잇,간식/디저트,13000,estimated,무당류,175,0,25,6,7,250,40,g,"D-말티톨,효소처리스테비아,수크랄로스","D-말티톨:0,효소처리스테비아:0,수크랄로스:0",,11,https://s3.zerofinder.co.kr/public/products/original/0M7YG9YXDE800.png,https://s3.zerofinder.co.kr/public/nutritionfacts/0M7YGS8EQP800.png,https://zerofinder.co.kr/product/0PCNV3FZBAP3B
포켓몬 애사비 젤리 믹스 제로,에스디푸드,간식/디저트,22600,estimated,무당류,200,0,74,6,0,80,100,g,말티톨,말티톨:0,,24,https://s3.zerofinder.co.kr/public/products/original/0M7YB4EYBY800.png,https://s3.zerofinder.co.kr/public/nutritionfacts/0M7YB5SAFJ800.png,https://zerofinder.co.kr/product/0PCNV3FZB78XB
파리의 이온비타제로 레몬,퓨어플러스,음료,28900,estimated,무당류,1,0,2.4,0,0,34,100,mL,"에리스리톨,수크랄로스","에리스리톨:2.2,수크랄로스:0",,37,https://s3.zerofinder.co.kr/public/products/original/0M7Y99Q0SP800.png,https://s3.zerofinder.co.kr/public/nutritionfacts/0M7Y9C19K6800.png,https://zerofinder.co.kr/product/0PCNV3FZB10RY
제로닭 닭가슴살볼 양념치킨,삼립,육가공품,20500,real,저당류,226,1,11,14,14,970,120,g,"효소처리스테비아,알룰로스","효소처리스테비아:0,알룰로스:0",,43,https://s3.zerofinder.co.kr/public/products/original/0M7Y8G50YT800.png,https://s3.zerofinder.co.kr/public/nutritionfacts/0M7Y8JKBFT800.png,https://zerofinder.co.kr/product/0PCNV3FZAZMER
더 라이트 제로 자몽베이스,서울팩토리,음료,17200,estimated,저당류,25,2,47,0,0,15,100,g,"알룰로스,아라비아검,D-소비톨액,수크랄로스","알룰로스:42,아라비아검:0,D-소비톨액:0,수크랄로스:0",,28,https://s3.zerofinder.co.kr/public/products/original/0M7Y5A5ZV2800.png,https://s3.zerofinder.co.kr/public/nutritionfacts/0M7Y5G6SMY800.png,https://zerofinder.co.kr/product/0PCNV3FZAD7KA
제로슈가쿠키 더블초코,잇츠베러,간식/디저트,13000,real,무당류,173,0,25,6,8,240,40,g,"D-말티톨,효소처리스테비아,수크랄로스,말티톨","D-말티톨:0,효소처리스테비아:0,수크랄로스:0,말티톨:0",,53,https://s3.zerofinder.co.kr/public/products/original/0M79857YVJ400.png,https://s3.zerofinder.co.kr/public/nutritionfacts/0M7981BCRY400.png,https://zerofinder.co.kr/product/0PCNV3FZA8V10
티즐 유자 그린티,웅진,음료,15690,real,무당류,5,9,8.8,9,9,25,5000,mL,"에리스리톨,아세설팜칼륨,수크랄로스,스테비올 배당체","에리스리톨:7.5,아세설팜칼륨:0,수크랄로스:0,스테비올 배당체:0",,15,https://s3.zerofinder.co.kr/public/products/original/0M7968SXD2400.png,https://s3.zerofinder.co.kr/public/nutritionfacts/0M7959QPRA400.png,https://zerofinder.co.kr/product/0PCNV3FZA5KBM
밀크소다 제로 메론,부르르,음료,10600,real,무당류,8,1,3,1,0,10,250,mL,"수크랄로스,알룰로스,아세설팜칼륨","수크랄로스:0,알룰로스:2,아세설팜칼륨:0",,39,https://s3.zerofinder.co.kr/public/products/original/0M78NKMN6P400.png,https://s3.zerofinder.co.kr/public/nutritionfacts/0M791QEEY6400.png,https://zerofinder.co.kr/product/0PCNV3FZ9TNGH
저당 넛티초코바 초콜릿,라라스윗,간식/디저트,7900,real,저당류,120,2,14,2,9,35,75,mL,"에리스리톨,알룰로스","에리스리톨:3,알룰로스:2",,54,https://s3.zerofinder.co.kr/public/products/original/0M74YKK7QJ400.png,https://s3.zerofinder.co.kr/public/nutritionfacts/0M74YMJRAP400.png,https://zerofinder.co.kr/product/0M74YW902P400
리얼 피스타치오 젤라또바 아이스크림,라라스윗,간식/디저트,7990,real,저당류,105,2,16,2,6,60,70,mL,"알룰로스,아세설팜칼륨,수크랄로스,소르비톨","알룰로스:2,아세설팜칼륨:0,수크랄로스:0,소르비톨:0",,38,https://s3.zerofinder.co.kr/public/products/original/0M74Y39DVJ400.png,https://s3.zerofinder.co.kr/public/nutritionfacts/0M74Y4KQAP400.png,https://zerofinder.co.kr/product/0M74YBV0P2400
저당 헤이즐넛 초코웨하스,라라스윗,간식/디저트,10010,real,저당류,375,2.8,51,6,20,120,80,g,"이소말트,수크랄로스,효소처리스테비아","이소말트:0,수크랄로스:0,효소처리스테비아:0",,5,https://s3.zerofinder.co.kr/public/products/original/0M74XHM0DE400.png,https://s3.zerofinder.co.kr/public/nutritionfacts/0M74XFCTPP400.png,https://zerofinder.co.kr/product/0M74XTXD7J400
저당 바닐라 초코바,라라스윗,간식/디저트,47830,danawa,저당류,170,2,20,3,14,40,90,mL,"에리스리톨,알룰로스,아세설팜칼륨,수크랄로스","에리스리톨:6,알룰로스:2,아세설팜칼륨:0,수크랄로스:0",,36,https://s3.zerofinder.co.kr/public/products/original/0M74W5Y2RP400.png,https://s3.zerofinder.co.kr/public/nutritionfacts/0M74W6PK7A400.png,https://zerofinder.co.kr/product/0M74WG8MT2400
치즈케이크 아이스밀크,라라스윗,간식/디저트,10700,estimated,,75,6,12,2,4.2,95,100,mL,"에리스리톨,알룰로스","에리스리톨:0,알룰로스:3",,28,https://s3.zerofinder.co.kr/public/products/original/0M74VQKNY6400.png,https://s3.zerofinder.co.kr/public/nutritionfacts/0M74VRAZC6400.png,https://zerofinder.co.kr/product/0M74VZRWB2400
생요거트 아사이볼,라라스윗,간식/디저트,5860,real,,90,8,37,1,1,10,150,mL,"알룰로스,에리스리톨,수크랄로스","알룰로스:4,에리스리톨:9,수크랄로스:0",,58,https://s3.zerofinder.co.kr/public/products/original/0M74V46MPA400.png,https://s3.zerofinder.co.kr/public/nutritionfacts/0M74V76E2E400.png,https://zerofinder.co.kr/product/0M74VGD852400
저당 넛티초코바 바닐라,라라스윗,간식/디저트,7110,real,저당류,145,3,17,2,11,35,75,mL,"에리스리톨,알룰로스,아세설팜칼륨,수크랄로스","에리스리톨:3,알룰로스:2,아세설팜칼륨:0,수크랄로스:0",,56,https://s3.zerofinder.co.kr/public/products/original/0M74TNE2CJ400.png,https://s3.zerofinder.co.kr/public/nutritionfacts/0M74TR8J5P400.png,https://zerofinder.co.kr/product/0M74TYWMBT400
저당 생요거트 플레인 아이스밀크,라라스윗,간식/디저트,6710,real,저당류,90,3,15,2,4.9,20,100,mL,"에리스리톨,아세설팜칼륨,수크랄로스,말토덱스트린","에리스리톨:3,아세설팜칼륨:0,수크랄로스:0,말토덱스트린:0",,24,https://s3.zerofinder.co.kr/public/products/original/0M74T0PMWA400.png,https://s3.zerofinder.co.kr/public/nutritionfacts/0M74T30KJE400.png,https://zerofinder.co.kr/product/0M74TBYTR2400
저당 블루베리 생요거트바,라라스윗,간식/디저트,7900,real,,75,4,17,1,2.8,25,70,mL,"에리스리톨,아세설팜칼륨,수크랄로스","에리스리톨:3,아세설팜칼륨:0,수크랄로스:0",,20,https://s3.zerofinder.co.kr/public/products/original/0M74SFTY46400.png,https://s3.zerofinder.co.kr/public/nutritionfacts/0M74SK82FA400.png,https://zerofinder.co.kr/product/0M74SVA7WT400
생우유 모나카 아이스크림,라라스윗,간식/디저트,6580,real,저당류,120,4,22,4,6,50,140,mL,"알룰로스,에리스리톨,효소처리스테비아","알룰로스:3,에리스리톨:3,효소처리스테비아:0",,8,https://s3.zerofinder.co.kr/public/products/original/0M74S2CCSA400.png,https://s3.zerofinder.co.kr/public/nutritionfacts/0M74S33236400.png,https://zerofinder.co.kr/product/0M74SBBZGJ400
초콜릿 모나카 아이스밀크,라라스윗,간식/디저트,7520,real,저당류,100,3,19,3,5,85,140,mL,"에리스리톨,알룰로스,효소처리스테비아","에리스리톨:3,알룰로스:3,효소처리스테비아:0",,20,https://s3.zerofinder.co.kr/public/products/original/0M74R0D1HT400.png,https://s3.zerofinder.co.kr/public/nutritionfacts/0M74R24PE6400.png,https://zerofinder.co.kr/product/0M74R92VN2400
말차 아이스밀크,라라스윗,간식/디저트,9440,real,,70,6,15,3,2.6,50,100,mL,"알룰로스,에리스리톨,효소처리스테비아","알룰로스:3,에리스리톨:1,효소처리스테비아:0",,41,https://s3.zerofinder.co.kr/public/products/original/0M74QD4PTP400.png,https://s3.zerofinder.co.kr/public/nutritionfacts/0M74QEH05A400.png,https://zerofinder.co.kr/product/0M74QR4DJY400
바닐라빈 아이스밀크,라라스윗,간식/디저트,6320,real,저당류,75,5,13,2,3.8,40,100,mL,"알룰로스,수크랄로스,아세설팜칼륨","알룰로스:2,수크랄로스:0,아세설팜칼륨:0",,10,https://s3.zerofinder.co.kr/public/products/original/0M74PN7NX6400.png,https://s3.zerofinder.co.kr/public/nutritionfacts/0M74PNZV32400.png,https://zerofinder.co.kr/product/0M74Q5GXEY400
생우유 아이스밀크,라라스윗,간식/디저트,6320,real,,70,6,13,3,3,80,100,mL,"에리스리톨,알룰로스,효소처리스테비아","에리스리톨:1,알룰로스:2,효소처리스테비아:0",,10,https://s3.zerofinder.co.kr/public/products/original/0M74P2YZZY400.png,https://s3.zerofinder.co.kr/public/nutritionfacts/0M74P5RVQE400.png,https://zerofinder.co.kr/product/0M74PC93CP400
저당 쫀득옥수수 듬뿍바,라라스윗,간식/디저트,9400,real,저당류,85,3,19,1,4.3,45,70,mL,"에리스리톨,알룰로스,수크랄로스","에리스리톨:1,알룰로스:3,수크랄로스:0",,51,https://s3.zerofinder.co.kr/public/products/original/0M74N10NGY400.png,https://s3.zerofinder.co.kr/public/nutritionfacts/0M74N28EJ2400.png,https://zerofinder.co.kr/product/0M74NP3D36400
초콜릿 아이스밀크,라라스윗,간식/디저트,17300,estimated,저당류,70,4,14.5,2,3.1,60,100,mL,"효소처리스테비아,알룰로스","효소처리스테비아:0,알룰로스:4",,9,https://s3.zerofinder.co.kr/public/products/original/0M6FYDVHKNM00.png,https://s3.zerofinder.co.kr/public/nutritionfacts/0M6FYEREJXM00.png,https://zerofinder.co.kr/product/0M6FYSQPKXM00
저당 멜론바,라라스윗,간식/디저트,24100,estimated,저당류,100,3,16,1,6,55,70,mL,"알룰로스,아세설팜칼륨,수크랄로스","알룰로스:2,아세설팜칼륨:0,수크랄로스:0",,39,https://s3.zerofinder.co.kr/public/products/original/0M6FXJ98XDM00.png,https://s3.zerofinder.co.kr/public/nutritionfacts/0M6FXK4YHHM00.png,https://zerofinder.co.kr/product/0M6FXZEF61M00
저당 쿠키앤크림 초코바,라라스윗,간식/디저트,21200,estimated,저당류,145,1,21,2,12,65,90,mL,"에리스리톨,알룰로스,말티톨","에리스리톨:7,알룰로스:4,말티톨:0",,13,https://s3.zerofinder.co.kr/public/products/original/0M6FWRNWW9M00.png,https://s3.zerofinder.co.kr/public/nutritionfacts/0M6FWSWZRNM00.png,https://zerofinder.co.kr/product/0M6FX5CF7DM00
저당 복숭아 생요거트바,라라스윗,간식/디저트,13900,danawa,저당류,80,3,17,1,3.4,20,70,mL,"에리스리톨,알룰로스,아세설팜칼륨,수크랄로스","에리스리톨:2,알룰로스:1,아세설팜칼륨:0,수크랄로스:0",,40,https://s3.zerofinder.co.kr/public/products/original/0M6FW21KJHM00.png,https://s3.zerofinder.co.kr/public/nutritionfacts/0M6FW2WAQXM00.png,https://zerofinder.co.kr/product/0M6FWC2QEXM00
저당 딸기 생요거트바,라라스윗,간식/디저트,31490,danawa,저당류,80,3,17,1,3.5,30,70,mL,"에리스리톨,알룰로스,아세설팜칼륨,수크랄로스","에리스리톨:3,알룰로스:0,아세설팜칼륨:0,수크랄로스:0",,38,https://s3.zerofinder.co.kr/public/products/original/0M6FVBD2G9M00.png,https://s3.zerofinder.co.kr/public/nutritionfacts/0M6FVCA2S5M00.png,https://zerofinder.co.kr/product/0M6FVK22PSM00
저당 초콜릿 초코바,라라스윗,간식/디저트,38410,danawa,저당류,150,2,18.5,3.5,13,55,90,mL,"알룰로스,에리스리톨","알룰로스:4,에리스리톨:6",,32,https://s3.zerofinder.co.kr/public/products/original/0M6FTKCDJHM00.png,https://s3.zerofinder.co.kr/public/nutritionfacts/0M6FTM6BTHM00.png,https://zerofinder.co.kr/product/0M6FTVSNCSM00
제로슈거 파비플로라 알파CD 보라워터,삼양,음료,31200,estimated,무당류,12,0,8,0,0,40,500,mL,스테비올 배당체,스테비올 배당체:0,,39,https://s3.zerofinder.co.kr/public/products/original/0M6BDJZMQXM00.png,https://s3.zerofinder.co.kr/public/nutritionfacts/0M6BDQFRD9M00.png,https://zerofinder.co.kr/product/0PCNV3FZCJ567
서주 탱글탱글 제로 사과맛,서주제과,간식/디저트,23050,danawa,무당류,87,0,32,0,0,29,40,g,"D-말티톨,D-소비톨액,효소처리스테비아,아세설팜칼륨","D-말티톨:0,D-소비톨액:0,효소처리스테비아:0,아세설팜칼륨:0",,49,https://s3.zerofinder.co.kr/public/products/original/0M6BCPS9QDM00.png,https://s3.zerofinder.co.kr/public/nutritionfacts/0M6BCR0GWHM00.png,https://zerofinder.co.kr/product/0PCNV3FZBCHN3
야쿠르트1971 코코바이트 제로,삼양패키징 광혜원 공장,음료,17300,estimated,무당류,0,0,7,0,0,25,280,mL,"에리스리톨,아세설팜칼륨,수크랄로스,스테비올 배당체,D-소비톨액,아라비아검","에리스리톨:0,아세설팜칼륨:0,수크랄로스:0,스테비올 배당체:0,D-소비톨액:0,아라비아검:0",,24,https://s3.zerofinder.co.kr/public/products/original/0M6BBG5T6DM00.png,https://s3.zerofinder.co.kr/public/nutritionfacts/0M6BBJF0SNM00.png,https://zerofinder.co.kr/product/0PCNV3FZBRDA2
보성홍차 아이스티 제로 샤인머스캣,동원,음료,20900,estimated,무당류,0,0,1,0,0,150,500,mL,"수크랄로스,아세설팜칼륨,스테비올 배당체","수크랄로스:0,아세설팜칼륨:0,스테비올 배당체:0",,47,https://s3.zerofinder.co.kr/public/products/original/0M6BAVAT5SM00.png,https://s3.zerofinder.co.kr/public/nutritionfacts/0M6BAXQ5A5M00.png,https://zerofinder.co.kr/product/0PCNV3FZC4GGK
제로 아이스 트리플 초콜릿바,롯데,간식/디저트,61720,danawa,무당류,150,0,16,2,11,45,80,mL,"D-말티톨,수크랄로스","D-말티톨:0,수크랄로스:0",,33,https://s3.zerofinder.co.kr/public/products/original/0M6B9TSS9SM00.png,https://s3.zerofinder.co.kr/public/nutritionfacts/0M6B9SKVPHM00.png,https://zerofinder.co.kr/product/0PCNV3FZBBG5N
보성홍차 아이스티 제로 애플,동원,음료,20100,danawa,무당류,0,1,1,0,0,50,500,mL,"수크랄로스,아세설팜칼륨","수크랄로스:0,아세설팜칼륨:0",,33,https://s3.zerofinder.co.kr/public/products/original/0M6B8ZMN65M00.png,https://s3.zerofinder.co.kr/public/nutritionfacts/0M6B930Q2NM00.png,https://zerofinder.co.kr/product/0PCNV3FZBRWK1
왓더파머스 제로 두부과자,농업회사법인 담양한과 명진식품,간식/디저트,12100,estimated,무당류,245,0,23,5,15,190,45,g,,,,19,https://s3.zerofinder.co.kr/public/products/original/0M6B89TXGSM00.png,https://s3.zerofinder.co.kr/public/nutritionfacts/0M6B8C5J1XM00.png,https://zerofinder.co.kr/product/0PCNV3FZAX19B
제로 오렌지망고,젤리블리,간식/디저트,11300,estimated,무당류,0,0,9,0,0,40,60,g,"에리스리톨,수크랄로스,효소처리스테비아","에리스리톨:8.67,수크랄로스:0,효소처리스테비아:0",,6,https://s3.zerofinder.co.kr/public/products/original/0M6B7BZJK9M00.png,https://s3.zerofinder.co.kr/public/nutritionfacts/0M6B7E85JNM00.png,https://zerofinder.co.kr/product/0PCNV3FZB2CBD
납작복숭아 제로,젤리블리,간식/디저트,18700,estimated,무당류,4,0,9.8,0,0,45,60,g,"에리스리톨,수크랄로스,효소처리스테비아","에리스리톨:8.72,수크랄로스:0,효소처리스테비아:0",,19,https://s3.zerofinder.co.kr/public/products/original/0M6B6JJ0PHM00.png,https://s3.zerofinder.co.kr/public/nutritionfacts/0M6B6HSFNHM00.png,https://zerofinder.co.kr/product/0PCNV3FZBFBAK
그릭슈바인 제로닭 오리지널,삼립,육가공품,75930,danawa,무당류,177,0,1,14,13,480,80,g,효소처리스테비아,효소처리스테비아:0,,5,https://s3.zerofinder.co.kr/public/products/original/0M6B5S86F5M00.png,https://s3.zerofinder.co.kr/public/nutritionfacts/0M6B5T0V3XM00.png,https://zerofinder.co.kr/product/0PCNV3FZBPHAZ
불가리스 유당 제로 복숭아,남양유업 세종공장,유제품,9600,estimated,,60,4.9,8.4,2.8,1.6,40,80,g,,,,45,https://s3.zerofinder.co.kr/public/products/original/0M6B1AECRSM00.png,https://s3.zerofinder.co.kr/public/nutritionfacts/0M6B1BGZYDM00.png,https://zerofinder.co.kr/product/0PCNV3FZAVC2V
기름제로 케어원 콜라겐 팝콘,케어원,주식/면류,10500,danawa,무당류,110,0,27,1,0.8,66,30,g,"스테비아,효소처리스테비아,자일리톨","스테비아:0,효소처리스테비아:0,자일리톨:0",,9,https://s3.zerofinder.co.kr/public/products/original/0M6B0AK7ANM00.png,https://s3.zerofinder.co.kr/public/nutritionfacts/0M6B0BMCW1M00.png,https://zerofinder.co.kr/product/0PCNV3FZAS8KB
제로당 소스퐁닭 스리라차마요,아임닭,육가공품,27100,estimated,무당류,115,0,3,17,3.7,460,100,g,"D-소비톨액,알룰로스,효소처리스테비아","D-소비톨액:0,알룰로스:0,효소처리스테비아:0",,60,https://s3.zerofinder.co.kr/public/products/original/0M6AZQJ2RHM00.png,https://s3.zerofinder.co.kr/public/nutritionfacts/0M6AZ75X41M00.png,https://zerofinder.co.kr/product/0PCNV3FZANNPA
그릭슈바인 제로닭 블랙페퍼,삼립,육가공품,17700,estimated,무당류,175,0,0.5,14,13,500,80,g,효소처리스테비아,효소처리스테비아:0,,37,https://s3.zerofinder.co.kr/public/products/original/0M6AY7JVV9M00.png,https://s3.zerofinder.co.kr/public/nutritionfacts/0M6AXVZ7G5M00.png,https://zerofinder.co.kr/product/0PCNV3FZAJJ1Q
캐치!티니핑 제로 애플망고맛,웅진식품,음료,17900,estimated,무당류,0,0,2.5,0,0,10,200,mL,"에리스리톨,수크랄로스,스테비올 배당체,아라비아검","에리스리톨:0,수크랄로스:0,스테비올 배당체:0,아라비아검:0",,47,https://s3.zerofinder.co.kr/public/products/original/0M6AREREKDM00.png,https://s3.zerofinder.co.kr/public/nutritionfacts/0M6ARG6HW5M00.png,https://zerofinder.co.kr/product/0PCNV3FZAJ42F
제로 단호박 단백질 설기떡,별미힘떡,간식/디저트,51200,danawa,저당류,188,1,32,10,2.4,246,85,g,"에리스리톨,스테비아","에리스리톨:0,스테비아:0",,39,https://s3.zerofinder.co.kr/public/products/original/0M6AQG8661M00.png,https://s3.zerofinder.co.kr/public/nutritionfacts/0M6AQNJ76NM00.png,https://zerofinder.co.kr/product/0PCNV3FZAHW5T
샤인머스켓 제로슈가,젤리블리,간식/디저트,12300,estimated,무당류,0,0,9,0,0,40,60,g,"에리스리톨,효소처리스테비아,수크랄로스","에리스리톨:0,효소처리스테비아:0,수크랄로스:0",,41,https://s3.zerofinder.co.kr/public/products/original/0M6AP3MFVXM00.png,https://s3.zerofinder.co.kr/public/nutritionfacts/0M6AP4MTEDM00.png,https://zerofinder.co.kr/product/0PCNV3FZAH8NY
제로슈거 하이진저 레몬생강청,안동농협생강한약재유통센터,음료,24100,estimated,무당류,25,0,196,7,0.8,11,100,mL,"말토덱스트린,수크랄로스,아세설팜칼륨","말토덱스트린:0,수크랄로스:0,아세설팜칼륨:0",,20,https://s3.zerofinder.co.kr/public/products/original/0M6783A06NM00.png,https://s3.zerofinder.co.kr/public/nutritionfacts/0M678AGZMDM00.png,https://zerofinder.co.kr/product/0PCNV3FZA826A
팅글닥터구미젤리 제로슈가,에스디푸드,간식/디저트,21400,estimated,무당류,110,0,32,3,0,15,42,g,"말티톨,효소처리스테비아","말티톨:0,효소처리스테비아:0",,56,https://s3.zerofinder.co.kr/public/products/original/0M676WBXQHM00.png,https://s3.zerofinder.co.kr/public/nutritionfacts/0M676V0BKXM00.png,https://zerofinder.co.kr/product/0PCNV3FZA6GPA
아사삭 당제로 콜라향아이스,스위트코리아,간식/디저트,16100,estimated,무당류,7,0,9.5,0.04,0.12,38,100,g,"에리스리톨,수크랄로스","에리스리톨:0,수크랄로스:0",,11,https://s3.zerofinder.co.kr/public/products/original/0M675YXF7SM00.png,https://s3.zerofinder.co.kr/public/nutritionfacts/0M675ZMPSSM00.png,https://zerofinder.co.kr/product/0PCNV3FZA6BPY
제로슈가 아쌈블렌드 밀크티 베이스,티하우스청담,음료,15400,estimated,무당류,0,0,12,0,0,30,100,g,"알룰로스,효소처리스테비아","알룰로스:0,효소처리스테비아:0",,32,https://s3.zerofinder.co.kr/public/products/original/0M66T83TADM00.png,https://s3.zerofinder.co.kr/public/nutritionfacts/0M66TCX9JDM00.png,https://zerofinder.co.kr/product/0PCNV3FZA2X1Q
그릭슈바인 제로닭 닭가슴살볼 마늘간장,삼립,육가공품,18100,estimated,저당류,226,1,11,14,14,970,120,g,"알룰로스,효소처리스테비아,L-글루탐산나트륨","알룰로스:0,효소처리스테비아:0,L-글루탐산나트륨:0",,31,https://s3.zerofinder.co.kr/public/products/original/0M66RDHNZHM00.png,https://s3.zerofinder.co.kr/public/nutritionfacts/0M66RG3KQSM00.png,https://zerofinder.co.kr/product/0PCNV3FZA0JQP
일화차시 제로 허니자몽블랙티,삼양,음료,24540,danawa,저당류,5,1,1,0,0,20,100,g,"수크랄로스,아세설팜칼륨","수크랄로스:0,아세설팜칼륨:0",,51,https://s3.zerofinder.co.kr/public/products/original/0M66Q1KCTNM00.png,https://s3.zerofinder.co.kr/public/nutritionfacts/0M66Q4W979M00.png,https://zerofinder.co.kr/product/0PCNV3FZA03KE
제로 떡볶이 로제,닥터로빈,즉석식품,35660,danawa,무당류,160,0,37,1,3.2,246,100,g,"에리스리톨,알룰로스","에리스리톨:0,알룰로스:0",,46,https://s3.zerofinder.co.kr/public/products/original/0M66P7KYHSM00.png,https://s3.zerofinder.co.kr/public/nutritionfacts/0M66P9NV0SM00.png,https://zerofinder.co.kr/product/0PCNV3FZ9YWJW
김대감 제로슈가 스틱김자반,해담솔,수산가공품,28400,estimated,무당류,650,0.12,25.91,13.4,56.07,737,100,g,"에리스리톨,효소처리스테비아","에리스리톨:0,효소처리스테비아:0",,11,https://s3.zerofinder.co.kr/public/products/original/0M612BE0XZC00.png,https://s3.zerofinder.co.kr/public/nutritionfacts/0M611D5F6ZC00.png,https://zerofinder.co.kr/product/0PCNV3FZ9XBFP
제로 아이스티 화이트피치,던킨도너츠,음료,14700,estimated,무당류,1,0,0.2,0,0,1,100,g,수크랄로스,수크랄로스:0,,51,https://s3.zerofinder.co.kr/public/products/original/0M60ZA3K6VC00.png,,https://zerofinder.co.kr/product/0PCNV3FZ9VVHQ
일화차시 유자민트티 제로,일화,음료,10120,danawa,무당류,1,0.1,0.21,0.01,0.02,5,100,mL,"수크랄로스,아세설팜칼륨,알룰로스","수크랄로스:0,아세설팜칼륨:0,알룰로스:0",,60,https://s3.zerofinder.co.kr/public/products/original/0M60YH9QRQC00.png,https://s3.zerofinder.co.kr/public/nutritionfacts/0M60YKB5HVC00.png,https://zerofinder.co.kr/product/0PCNV3FZ9R4PD
왓더파머스 제로 옥수수 콘칩,푸디스,간식/디저트,12000,estimated,무당류,95,0,21,2,0.5,25,25,g,,,,17,https://s3.zerofinder.co.kr/public/products/original/0M60YCHFYVC00.png,https://s3.zerofinder.co.kr/public/nutritionfacts/0M60XKE2CZC00.png,https://zerofinder.co.kr/product/0PCNV3FZ9MZSY
데일리구미 비타민C 제로슈가,서주2공장,건강기능식품,32800,estimated,무당류,421,0,122,11,0.9,8,150,g,"D-소비톨액,말티톨,효소처리스테비아","D-소비톨액:0,말티톨:0,효소처리스테비아:0",,33,https://s3.zerofinder.co.kr/public/products/original/0M60VVPQD3C00.png,https://s3.zerofinder.co.kr/public/nutritionfacts/0M60VYKNN7C00.png,https://zerofinder.co.kr/product/0PCNV3FZ9MHGF
타코 제로슈가 유자 파우더,가배온,음료,16200,estimated,무당류,0,0,20,0,0,0,20,g,에리스리톨,에리스리톨:19,,16,https://s3.zerofinder.co.kr/public/products/original/0M60TWWFN7C00.png,https://s3.zerofinder.co.kr/public/nutritionfacts/0M60TYRVAFC00.png,https://zerofinder.co.kr/product/0PCNV3FZ9MHCE
린코어 제로슈거 초코 프로틴,글리시드,기타,23800,estimated,무당류,340,0,23.33,67,2.67,613,100,g,에리스리톨,에리스리톨:0,,20,https://s3.zerofinder.co.kr/public/products/original/0M60S5NSAQC00.png,https://s3.zerofinder.co.kr/public/nutritionfacts/0M60S81DMZC00.png,https://zerofinder.co.kr/product/0PCNV3FZ9KHK2
zero 레몬 시럽,네이쳐티,간식/디저트,42450,danawa,무당류,16,0,30,0,0,200,100,mL,"에리스리톨,알룰로스","에리스리톨:22,알룰로스:4",,9,https://s3.zerofinder.co.kr/public/products/original/0M60QQ7EGKC00.png,https://s3.zerofinder.co.kr/public/nutritionfacts/0M60QSYXEVC00.png,https://zerofinder.co.kr/product/0PCNV3FZ9FDV7
우리차 피치망고 아이스티,송원식품,음료,21700,estimated,무당류,0,0,5,0,0.32,33,5,g,에리스리톨,에리스리톨:4.2,,60,https://s3.zerofinder.co.kr/public/products/original/0M60NP97ZBC00.png,https://s3.zerofinder.co.kr/public/nutritionfacts/0M60NRS1ZZC00.png,https://zerofinder.co.kr/product/0PCNV3FZ9DEFQ
오롯이 제로슈가 커피믹스,가배온,음료,7900,danawa,무당류,30,0,9,0,1.5,0,11,g,에리스리톨,에리스리톨:4.5,,11,https://s3.zerofinder.co.kr/public/products/original/0M60M2T1MBC00.png,https://s3.zerofinder.co.kr/public/nutritionfacts/0M60M51FTBC00.png,https://zerofinder.co.kr/product/0PCNV3FZ9C1TZ
팽이팽이 수박&파인애플 제로,해태,간식/디저트,11200,estimated,무당류,0,0,2,0,0,0,14,mL,알룰로스,알룰로스:2,,39,https://s3.zerofinder.co.kr/public/products/original/0M60DEHF5K000.png,https://s3.zerofinder.co.kr/public/nutritionfacts/0M60DFXRWF000.png,https://zerofinder.co.kr/product/0PCNV3FZ99E73
제주청귤 아이스티 녹차 제로,티로그,음료,28800,estimated,,1,,,,,25,500,mL,수크랄로스,수크랄로스:0,,10,https://s3.zerofinder.co.kr/public/products/original/0M60D73MAK000.png,https://s3.zerofinder.co.kr/public/nutritionfacts/0M5PHMKHV7000.png,https://zerofinder.co.kr/product/0M5PHWKE1K000
미닛메이드 제로 피치에이드,코카콜라,음료,30500,estimated,무당류,2,0,0.49,0,0,39,100,mL,"아세설팜칼륨,수크랄로스","아세설팜칼륨:0,수크랄로스:0",,59,https://s3.zerofinder.co.kr/public/products/original/0M5PFAEN4B000.png,https://s3.zerofinder.co.kr/public/nutritionfacts/0M5PF9G5VK000.png,https://zerofinder.co.kr/product/0PCNV3FZ92SVN
프로틴 그래놀라 제로슈거 컵,농업회사법인 두리두리,주식/면류,19700,estimated,무당류,146,0.17,23.8,7,2.8,140,35,g,"말티톨,D-말티톨,알룰로스,아라비아검","말티톨:0,D-말티톨:0,알룰로스:0,아라비아검:0",,31,https://s3.zerofinder.co.kr/public/products/original/0M5PEDXYWZ000.png,https://s3.zerofinder.co.kr/public/nutritionfacts/0M5PEFEBFK000.png,https://zerofinder.co.kr/product/0PCNV3FZ92B4G
프로틴 그래놀라 제로슈거,켈로그,주식/면류,25000,danawa,무당류,419,0.48,63,20.5,10.5,380,100,g,"말티톨,D-말티톨,아라비아검,알룰로스,효소처리스테비아","말티톨:0,D-말티톨:0,아라비아검:0,알룰로스:0,효소처리스테비아:0",,18,https://s3.zerofinder.co.kr/public/products/original/0M5PDBR5FQ000.png,https://s3.zerofinder.co.kr/public/nutritionfacts/0M5PDF4RWB000.png,https://zerofinder.co.kr/product/0PCNV3FZAG05F
애플셔벗에이드 제로,자연은,음료,32490,danawa,무당류,10,0,11.4,0,0.04,25,500,g,"D-소비톨액,아세설팜칼륨,아라비아검,수크랄로스,스테비올 배당체","D-소비톨액:0,아세설팜칼륨:0,아라비아검:0,수크랄로스:0,스테비올 배당체:0",,8,https://s3.zerofinder.co.kr/public/products/original/0M5PB0M1RK000.png,https://s3.zerofinder.co.kr/public/nutritionfacts/0M5PB2ZN0Z000.png,https://zerofinder.co.kr/product/0PCNV3FZ91MGF
일화차시 제로 키위그린티,삼양패키징 광혜원 공장,음료,16600,estimated,무당류,1,0,0.19,0.01,0.03,5,100,g,"수크랄로스,아세설팜칼륨","수크랄로스:0,아세설팜칼륨:0",,5,https://s3.zerofinder.co.kr/public/products/original/0M5P9434VZ000.png,https://s3.zerofinder.co.kr/public/nutritionfacts/0M5P96PHH7000.png,https://zerofinder.co.kr/product/0PCNV3FZ9067D
링티제로 레몬라임맛,링티,음료,31600,estimated,,,,13,,,130,500,mL,"에리스리톨,수크랄로스","에리스리톨:13,수크랄로스:0",,21,https://s3.zerofinder.co.kr/public/products/original/0M5P8RWGAZ000.png,,https://zerofinder.co.kr/product/0M5P8K5M4V000
링티제로 복숭아맛,링티,음료,30500,estimated,무당류,0,0,2.6,0,0,32,100,g,"에리스리톨,스테비올 배당체","에리스리톨:0,스테비올 배당체:0",,55,https://s3.zerofinder.co.kr/public/products/original/0M5P6C2063000.png,https://s3.zerofinder.co.kr/public/nutritionfacts/0M5P6F3QD3000.png,https://zerofinder.co.kr/product/0PCNV3FZ8ZZRF
사과좋아! 말랑 스파클링 제로,INOUT,음료,25490,real,무당류,1,0,0.9,0,0,13,100,mL,"알룰로스,스테비올 배당체,수크랄로스","알룰로스:0,스테비올 배당체:0,수크랄로스:0",,34,https://s3.zerofinder.co.kr/public/products/original/0M3C2GKYEC000.png,https://s3.zerofinder.co.kr/public/nutritionfacts/0M3C2K2Z40000.png,https://zerofinder.co.kr/product/0PCNV3FZ8N8S9
마이구미 포도 ZERO% 설탕제로,오리온,간식/디저트,68390,danawa,무당류,124,0,40,3,0,15,54,g,"말티톨,아세설팜칼륨,수크랄로스","말티톨:0,아세설팜칼륨:0,수크랄로스:0",,49,https://s3.zerofinder.co.kr/public/products/original/0M3C1JSGBM000.png,https://s3.zerofinder.co.kr/public/nutritionfacts/0M3C1MW1BC000.png,https://zerofinder.co.kr/product/0PCNV3FZ8H323
제로 미니바이트 밀크&초코,롯데웰푸,간식/디저트,18900,real,무당류,68,0,8,1,4.4,20,38,mL,"D-말티톨,수크랄로스","D-말티톨:0,수크랄로스:0",,51,https://s3.zerofinder.co.kr/public/products/original/0M3C0PP2BR000.png,https://s3.zerofinder.co.kr/public/nutritionfacts/0M3C0S0CE0000.png,https://zerofinder.co.kr/product/0PCNV3FZ8GCG3
나랑드 사이다 제로,동아오츠카,음료,11400,real,,,,,,,60,345,mL,"아세설팜칼륨,수크랄로스","아세설팜칼륨:0,수크랄로스:0",,55,https://s3.zerofinder.co.kr/public/products/original/0M2E9R3YJYW00.png,https://s3.zerofinder.co.kr/public/nutritionfacts/0M2E9PS3DEW00.png,https://zerofinder.co.kr/product/0M2EA0YEKAW00
불가리스 유당 제로 플레인,남양유업 세종공장,유제품,15300,estimated,,88,13.13,13.75,3.25,2,50,100,g,,,,50,https://s3.zerofinder.co.kr/public/products/original/0M1TY9VTGTC00.png,https://s3.zerofinder.co.kr/public/nutritionfacts/0M1TYB7V8YC00.png,https://zerofinder.co.kr/product/0PCNV3FZ8AXPE
더캐럿 제로슈가 에너지 베이스,농업회사법인데이웰,음료,16900,real,무당류,20,0,61,2,0,35,100,g,"알룰로스,효소처리스테비아,수크랄로스","알룰로스:0,효소처리스테비아:0,수크랄로스:0",,36,https://s3.zerofinder.co.kr/public/products/original/0M1TXT1C0AC00.png,https://s3.zerofinder.co.kr/public/nutritionfacts/0M1TXY1J5TC00.png,https://zerofinder.co.kr/product/0PCNV3FZ89R87
데일리구미 유산균 제로슈가,서주2공장,간식/디저트,16110,real,무당류,339,0,107,12,0,10,150,g,"D-말티톨,D-소비톨액,효소처리스테비아","D-말티톨:0,D-소비톨액:0,효소처리스테비아:0",,14,https://s3.zerofinder.co.kr/public/products/original/0M1TW1CP4PC00.png,https://s3.zerofinder.co.kr/public/nutritionfacts/0M1TW3SQ0YC00.png,https://zerofinder.co.kr/product/0PCNV3FZ837AY
레인보우 샤베트 스파클링 제로,배스킨라빈스,음료,18454,danawa,무당류,4,0,1,0,0,7,350,mL,"아세설팜칼륨,아스파탐,수크랄로스,D-소비톨액","아세설팜칼륨:0,아스파탐:0,수크랄로스:0,D-소비톨액:0",,18,https://s3.zerofinder.co.kr/public/products/original/0M1TMTB0B2C00.png,https://s3.zerofinder.co.kr/public/nutritionfacts/0M1TMVC5TYC00.png,https://zerofinder.co.kr/product/0PCNV3FZ81TQV
아이스가이 제로제로 스포츠,청아냉동식품,간식/디저트,24000,estimated,저당류,0,2,2,0,0,110,200,mL,"알룰로스,수크랄로스,아세설팜칼륨","알룰로스:2,수크랄로스:0,아세설팜칼륨:0",,42,https://s3.zerofinder.co.kr/public/products/original/0M1TM4TZSPC00.png,https://s3.zerofinder.co.kr/public/nutritionfacts/0M1TM5WZZEC00.png,https://zerofinder.co.kr/product/0PCNV3FZ816X0
레몬셔벗에이드 제로,자연은,음료,14050,real,무당류,10,0,11.6,0,0,25,500,g,"에리스리톨,D-소비톨액,아세설팜칼륨,수크랄로스,스테비올 배당체","에리스리톨:9,D-소비톨액:0,아세설팜칼륨:0,수크랄로스:0,스테비올 배당체:0",,52,https://s3.zerofinder.co.kr/public/products/original/0M1TKEMTRPC00.png,https://s3.zerofinder.co.kr/public/nutritionfacts/0M1TKFVFAEC00.png,https://zerofinder.co.kr/product/0PCNV3FZ801KE
제로당 현미 쑥 찹쌀떡,곰곰,간식/디저트,38790,danawa,무당류,211,0,46,4.23,1.2,220,100,g,말티톨,말티톨:0,,52,https://s3.zerofinder.co.kr/public/products/original/0M1TJXSK2AC00.png,https://s3.zerofinder.co.kr/public/nutritionfacts/0M1TJV6052C00.png,https://zerofinder.co.kr/product/0PCNV3FZ7ZQV1
퓨리타 자두녹차 제로,퓨럽2공장,음료,12150,real,무당류,0,0,11,1,0.8,7,500,mL,"에리스리톨,아세설팜칼륨,수크랄로스","에리스리톨:12,아세설팜칼륨:0,수크랄로스:0",,25,https://s3.zerofinder.co.kr/public/products/original/0M1THZT0E2C00.png,https://s3.zerofinder.co.kr/public/nutritionfacts/0M1TJ109KPC00.png,https://zerofinder.co.kr/product/0PCNV3FZ7WTQD
제로슈거 초코렛타,랩노쉬,간식/디저트,11300,estimated,무당류,350,0,38,4,20,40,76,g,"D-말티톨,효소처리스테비아","D-말티톨:0,효소처리스테비아:0",,42,https://s3.zerofinder.co.kr/public/products/original/0M1GBPG8XA400.png,https://s3.zerofinder.co.kr/public/nutritionfacts/0M1GBQP9PP400.png,https://zerofinder.co.kr/product/0PCNV3FZ7VBHC
제로슈가 참깨누룽지쿠키,도깨비베이킹,간식/디저트,17100,estimated,무당류,342,0,68,9.33,20,276,75,g,"D-말티톨,효소처리스테비아,수크랄로스","D-말티톨:0,효소처리스테비아:0,수크랄로스:0",,59,https://s3.zerofinder.co.kr/public/products/original/0M1GB49S72400.png,https://s3.zerofinder.co.kr/public/nutritionfacts/0M1GB6XBYY400.png,https://zerofinder.co.kr/product/0PCNV3FZ7VATZ
제로 쑥 단백질 영양찰떡,별미힘떡,간식/디저트,16500,real,무당류,215,0,39,9,3.1,200,85,g,"에리스리톨,스테비아","에리스리톨:0,스테비아:0",,38,https://s3.zerofinder.co.kr/public/products/original/0M1G94KVZE400.png,https://s3.zerofinder.co.kr/public/nutritionfacts/0M1G8DCA0J400.png,https://zerofinder.co.kr/product/0PCNV3FZ7JM8A
납작복숭아 아이스티 홍차 제로,티로그,음료,16500,estimated,무당류,0,0,1,0,0,25,500,mL,수크랄로스,수크랄로스:0,,37,https://s3.zerofinder.co.kr/public/products/original/0M1G7DW9GE400.png,https://s3.zerofinder.co.kr/public/nutritionfacts/0M1G7FES56400.png,https://zerofinder.co.kr/product/0PCNV3FZ7AXEX
초록매실 스파클링 제로,웅진식품,음료,15295,danawa,무당류,2,0,6,0,0,35,350,mL,에리스리톨,에리스리톨:5.6,,16,https://s3.zerofinder.co.kr/public/products/original/0M1G285ZAT400.png,https://s3.zerofinder.co.kr/public/nutritionfacts/0M1G1XA9SE400.png,https://zerofinder.co.kr/product/0PCNV3FZ6X2DT
제로 아이스 쿠키&크림바,롯데웰푸드,간식/디저트,35530,danawa,무당류,166,0,16,2,19,80,80,mL,"D-말티톨,수크랄로스","D-말티톨:0,수크랄로스:0",,9,https://s3.zerofinder.co.kr/public/products/original/0M1F9YB742400.png,https://s3.zerofinder.co.kr/public/nutritionfacts/0M1F9K8EV2400.png,https://zerofinder.co.kr/product/0PCNV3FZ6VNMW
설탕 없는 제로슈가 돼지불백,아임제로당,육가공품,8910,real,무당류,199,0,6,12,14,317,100,g,이소말트,이소말트:0,,48,https://s3.zerofinder.co.kr/public/products/original/0M1F97ZY46400.png,https://s3.zerofinder.co.kr/public/nutritionfacts/0M16340YKF800.png,https://zerofinder.co.kr/product/0PCNV3FZ599F3
제로슈가 매콤제육볶음,아임제로당,육가공품,9810,real,무당류,169,0,9,14,11.1,398,100,g,이소말트,이소말트:0,,60,https://s3.zerofinder.co.kr/public/products/original/0M1F9138P2400.png,https://s3.zerofinder.co.kr/public/nutritionfacts/0M1F8JRT2A400.png,https://zerofinder.co.kr/product/0PCNV3FZ6TMBK
블렌딩티 유자자몽 제로,이디야,음료,26230,danawa,무당류,6,1,6.6,0,0,35,250,mL,"에리스리톨,수크랄로스","에리스리톨:5,수크랄로스:0",,12,https://s3.zerofinder.co.kr/public/products/original/0M1F7W2K5J400.png,https://s3.zerofinder.co.kr/public/nutritionfacts/0M1F7WXBFA400.png,https://zerofinder.co.kr/product/0PCNV3FZ6PMTE
킬로리 제로달콩두유 밀크티,농업회사법인삼광에프앤비,유제품,27170,real,무당류,74,0,20,6,3.1,100,200,mL,"에리스리톨,효소처리스테비아","에리스리톨:13.6,효소처리스테비아:0",,41,https://s3.zerofinder.co.kr/public/products/original/0M1F62R75Y400.png,https://s3.zerofinder.co.kr/public/nutritionfacts/0M1F63TA7J400.png,https://zerofinder.co.kr/product/0PCNV3FZ9DH7X
킬로리 제로달콩두유 말차,농업회사법인삼광에프앤비,유제품,11600,estimated,무당류,77,0,22,6,2.7,130,200,mL,"에리스리톨,효소처리스테비아","에리스리톨:14.7,효소처리스테비아:0",,43,https://s3.zerofinder.co.kr/public/products/original/0M1F5MKY4J400.png,https://s3.zerofinder.co.kr/public/nutritionfacts/0M1F5QFKXE400.png,https://zerofinder.co.kr/product/0PCNV3FZ9K31R
킬로리 제로달콩두유 플레인,농업회사법인삼광에프앤비,유제품,9200,estimated,무당류,74,0,17,6,2.7,260,200,mL,"에리스리톨,효소처리스테비아","에리스리톨:10.5,효소처리스테비아:0",,10,https://s3.zerofinder.co.kr/public/products/original/0M1F4QDJ9J400.png,https://s3.zerofinder.co.kr/public/nutritionfacts/0M1F4SMK5P400.png,https://zerofinder.co.kr/product/0PCNV3FZ9KRKV
킬로리 제로달콩두유 초코,농업회사법인삼광에프앤비,유제품,13700,estimated,저당류,87,1.7,25,6,3.3,180,200,mL,"에리스리톨,효소처리스테비아","에리스리톨:16.8,효소처리스테비아:0",,42,https://s3.zerofinder.co.kr/public/products/original/0M1F42VCBY400.png,https://s3.zerofinder.co.kr/public/nutritionfacts/0M1F462402400.png,https://zerofinder.co.kr/product/0PCNV3FZ6KZAW
빅 뽀로로 제로 밀크맛,팔도,음료,14430,real,무당류,11,0,15,1,0,55,360,mL,"에리스리톨,아라비아검,효소처리스테비아,수크랄로스","에리스리톨:11,아라비아검:0,효소처리스테비아:0,수크랄로스:0",,41,https://s3.zerofinder.co.kr/public/products/original/0M1F38A9SY400.png,https://s3.zerofinder.co.kr/public/nutritionfacts/0M1F39AB3P400.png,https://zerofinder.co.kr/product/0PCNV3FZ6VJFB
빅 뽀로로 제로 딸기맛,팔도,음료,41350,danawa,무당류,1,0,15,1,0,55,360,mL,"에리스리톨,아라비아검,효소처리스테비아,수크랄로스","에리스리톨:11,아라비아검:0,효소처리스테비아:0,수크랄로스:0",,21,https://s3.zerofinder.co.kr/public/products/original/0M1F2NAJDJ400.png,https://s3.zerofinder.co.kr/public/nutritionfacts/0M1F2PY2DA400.png,https://zerofinder.co.kr/product/0PCNV3FZ6JT3W
제로스콘 흑임자,제로베이커리,간식/디저트,13300,estimated,저당류,234,1,13,6,18,260,100,g,알룰로스,알룰로스:0,,50,https://s3.zerofinder.co.kr/public/products/original/0M1F1BZH5T400.png,https://s3.zerofinder.co.kr/public/nutritionfacts/0M1DGKDFGP400.png,https://zerofinder.co.kr/product/0PCZ4B7GG50E1
제로스콘 크럼블,제로베이커리,간식/디저트,14800,estimated,저당류,279,2,24,8,21,300,65,g,에리스리톨,에리스리톨:0,,21,https://s3.zerofinder.co.kr/public/products/original/0M1F18FQ66400.png,https://s3.zerofinder.co.kr/public/nutritionfacts/0M1DH0SC5E400.png,https://zerofinder.co.kr/product/0PCZ4B7GJ5BHY
티즐 아이스티 제로 딸기,동원시스템즈,음료,20800,estimated,무당류,6,0,9,0,0,25,500,mL,에리스리톨,에리스리톨:7.5,,47,https://s3.zerofinder.co.kr/public/products/original/0M1EZGHSAA400.png,https://s3.zerofinder.co.kr/public/nutritionfacts/0M1EZJ7QCJ400.png,https://zerofinder.co.kr/product/0PCNV3FZ6G5PS
힐링티 제로레몬에이드,에스엠바이오,음료,25400,estimated,무당류,15,0,9,0,0,70,10,g,"에리스리톨,수크랄로스","에리스리톨:5.7,수크랄로스:0",,34,https://s3.zerofinder.co.kr/public/products/original/0M1EY2TS56400.png,https://s3.zerofinder.co.kr/public/nutritionfacts/0M1EYKQ7T6400.png,https://zerofinder.co.kr/product/0PCNV3FZ6G3CJ
제로슈거 애플사이다비네거,탐사,음료,19400,estimated,,55,,13,,,46,500,mL,"아세설팜칼륨,수크랄로스","아세설팜칼륨:0,수크랄로스:0",,53,https://s3.zerofinder.co.kr/public/products/original/0M1EWB5S4J400.png,https://s3.zerofinder.co.kr/public/nutritionfacts/0M1EWC42RE400.png,https://zerofinder.co.kr/product/0M1EWPW9AT400
아이스쿨 제로 레드펀치,서주,간식/디저트,58810,danawa,무당류,3,0.35,0.85,0,0,40,100,mL,수크랄로스,수크랄로스:0,,5,https://s3.zerofinder.co.kr/public/products/original/0M1ETQ0NHP400.png,https://s3.zerofinder.co.kr/public/nutritionfacts/0M1ETRH9KY400.png,https://zerofinder.co.kr/product/0PCNV3FZ6B4XT
최겸의 제로모닝빵,제로베이커리,간식/디저트,16900,estimated,무당류,148.7,0,20,2.9,7.7,110,288,g,,,,41,https://s3.zerofinder.co.kr/public/products/original/0M1DHDZ0Y6400.png,https://s3.zerofinder.co.kr/public/nutritionfacts/0M1DHH53V6400.png,https://zerofinder.co.kr/product/0PCZ4B7GG691B
요플레 제로 무당 플레인,빙그레,유제품,14670,real,무당류,60,0,4,4,2.8,30,100,mL,알룰로스,알룰로스:0,,11,https://s3.zerofinder.co.kr/public/products/original/0M16T5E25A000.png,,https://zerofinder.co.kr/product/0PCNV3FZ63SW9
파워캡 블루아이스 제로,빙그레,간식/디저트,55670,danawa,무당류,100,0,20,0,3.7,30,120,mL,"말티톨,아세설팜칼륨,수크랄로스","말티톨:0,아세설팜칼륨:0,수크랄로스:0",,18,https://s3.zerofinder.co.kr/public/products/original/0M16SG8CF2000.png,https://s3.zerofinder.co.kr/public/nutritionfacts/0M16SHRYBP000.png,https://zerofinder.co.kr/product/0PCNV3FZ636B1
젤리블리 제로 피치플럼,젤리블리,간식/디저트,15750,real,무당류,6,0,8.7,0,0,40,80,g,"에리스리톨,수크랄로스,효소처리스테비아","에리스리톨:7.77,수크랄로스:0,효소처리스테비아:0",,37,https://s3.zerofinder.co.kr/public/products/original/0M16SC5JEY000.png,https://s3.zerofinder.co.kr/public/nutritionfacts/0M16S07V56000.png,https://zerofinder.co.kr/product/0PCNV3FZ62BRY
매실음료 제로,노브랜드,음료,980,danawa,무당류,12,1,11,0,0,50,500,mL,"에리스리톨,아세설팜칼륨,수크랄로스","에리스리톨:0,아세설팜칼륨:0,수크랄로스:0",,27,https://s3.zerofinder.co.kr/public/products/original/0M16QDNGPA000.png,https://s3.zerofinder.co.kr/public/nutritionfacts/0M16QGT3PA000.png,https://zerofinder.co.kr/product/0PCNV3FZ5WX3W
스키니피그 제로감귤바,서주,간식/디저트,12820,real,무당류,0,1,33,0,0,160,225,mL,"알룰로스,에리스리톨,수크랄로스,효소처리스테비아","알룰로스:22,에리스리톨:11,수크랄로스:0,효소처리스테비아:0",,9,https://s3.zerofinder.co.kr/public/products/original/0M16NYB4GJ000.png,https://s3.zerofinder.co.kr/public/nutritionfacts/0M16NZ0GQY000.png,https://zerofinder.co.kr/product/0PCNV3FZ7MV7T
스키니피그 제로복숭아바,서주,간식/디저트,22800,estimated,무당류,0,0,33,0,0,140,225,mL,"알룰로스,에리스리톨,수크랄로스,효소처리스테비아","알룰로스:21,에리스리톨:12,수크랄로스:0,효소처리스테비아:0",,28,https://s3.zerofinder.co.kr/public/products/original/0M16N9517Y000.png,https://s3.zerofinder.co.kr/public/nutritionfacts/0M16NB6D8Y000.png,https://zerofinder.co.kr/product/0PCNV3FZ5M480
브이톡 제로 레몬에이드,오케이에프음료,음료,18800,estimated,무당류,0,0,4.9,0,0,30,350,mL,에리스리톨,에리스리톨:4.9,,33,https://s3.zerofinder.co.kr/public/products/original/0M16MCQNJA000.png,https://s3.zerofinder.co.kr/public/nutritionfacts/0M16ME05SY000.png,https://zerofinder.co.kr/product/0PCNV3FZ5K1CD
제로 블루레몬향,탑씨,음료,14880,real,무당류,0,0,0,0,0,7,100,mL,"D-소비톨액,수크랄로스,아세설팜칼륨","D-소비톨액:0,수크랄로스:0,아세설팜칼륨:0",,58,https://s3.zerofinder.co.kr/public/products/original/0M1651XN4K800.png,https://s3.zerofinder.co.kr/public/nutritionfacts/0M1653CEEF800.png,https://zerofinder.co.kr/product/0PCNV3FZ59N6G
올데이프룻 제로 청매실,서울우유,음료,26120,danawa,무당류,8,0,6,0,0,10,250,mL,에리스리톨,에리스리톨:2.5,,24,https://s3.zerofinder.co.kr/public/products/original/0M164BKH6V800.png,https://s3.zerofinder.co.kr/public/nutritionfacts/0M164CEJM7800.png,https://zerofinder.co.kr/product/0PCNV3FZ55WSZ
젤리블리 애플망고 제로,MDS,간식/디저트,13750,real,무당류,3,0,9.7,0,0,40,60,g,"에리스리톨,효소처리스테비아,수크랄로스","에리스리톨:8.85,효소처리스테비아:0,수크랄로스:0",,44,https://s3.zerofinder.co.kr/public/products/original/0M160ZVAXQ800.png,https://s3.zerofinder.co.kr/public/nutritionfacts/0M1610GRRK800.png,https://zerofinder.co.kr/product/0PCNV3FZ52FMR
무설탕 민트 캔디,페피,간식/디저트,34000,danawa,무당류,165,0,69,0,0,0,70,g,"D-소비톨액,아스파탐,아세설팜칼륨","D-소비톨액:0,아스파탐:0,아세설팜칼륨:0",,56,https://s3.zerofinder.co.kr/public/products/original/0M1604K9Y3800.png,https://s3.zerofinder.co.kr/public/nutritionfacts/0M160F0N7V800.png,https://zerofinder.co.kr/product/0PCNV3FZ4ZQPV
제로 아이스티 샤인&라임,던킨도너츠,음료,25500,estimated,무당류,0,0,1,0,0,5,500,mL,"자일리톨,수크랄로스","자일리톨:0,수크랄로스:0",,5,https://s3.zerofinder.co.kr/public/products/original/0M15YXP24Q800.png,https://s3.zerofinder.co.kr/public/nutritionfacts/0M15YY4KGB800.png,https://zerofinder.co.kr/product/0PCNV3FZ4WEXM
제로톡젤리 애플망고맛,건영제과,간식/디저트,6150,real,무당류,0,0,1,0,0,15,40,g,"수크랄로스,아세설팜칼륨,효소처리스테비아,에리스리톨","수크랄로스:0,아세설팜칼륨:0,효소처리스테비아:0,에리스리톨:0",,47,https://s3.zerofinder.co.kr/public/products/original/0M15TNXSP3G00.png,https://s3.zerofinder.co.kr/public/nutritionfacts/0M15TQGNWBG00.png,https://zerofinder.co.kr/product/0PCNV3FZ4TMDX
블렌딩티 망고피치 제로,이디야,음료,14500,real,무당류,5,1,6.2,0,0,35,250,mL,"수크랄로스,에리스리톨","수크랄로스:0,에리스리톨:5",,57,https://s3.zerofinder.co.kr/public/products/original/0M15SXP2VFG00.png,https://s3.zerofinder.co.kr/public/nutritionfacts/0M15SY2SWVG00.png,https://zerofinder.co.kr/product/0PCNV3FZ4T8XQ
젤리블리 제로슈거 애플샤인 젤리,엠디에스코리아4공장,간식/디저트,6940,real,무당류,0,0,9,0,0,40,60,g,"효소처리스테비아,수크랄로스,에리스리톨","효소처리스테비아:0,수크랄로스:0,에리스리톨:8.51",,40,https://s3.zerofinder.co.kr/public/products/original/0M15SFCGN7G00.png,https://s3.zerofinder.co.kr/public/nutritionfacts/0M15SGAGWBG00.png,https://zerofinder.co.kr/product/0PCNV3FZ4S4DC
제로 시트러스 유자 젤리,롯데,간식/디저트,37730,danawa,무당류,30,0,10,1,0,10,14,g,"아세설팜칼륨,수크랄로스","아세설팜칼륨:0,수크랄로스:0",,47,https://s3.zerofinder.co.kr/public/products/original/0M15MGJQFB000.png,https://s3.zerofinder.co.kr/public/nutritionfacts/0M15MEXH5Q000.png,https://zerofinder.co.kr/product/0PCNV3FZ4Q7NP
제로스파클링 캐모마일피치,널담,음료,15500,estimated,,,,1,,,25,350,mL,수크랄로스,수크랄로스:0,,13,https://s3.zerofinder.co.kr/public/products/original/0M0J1K76H6R00.png,https://s3.zerofinder.co.kr/public/nutritionfacts/0M0J1M38TER00.png,https://zerofinder.co.kr/product/0M0J1SVM0JR00
제로스파클링 블랙티레몬,널담,기타,23500,estimated,,,,1,,,25,350,g,수크랄로스,수크랄로스:0,,11,https://s3.zerofinder.co.kr/public/products/original/0M0J0Y2ZAYR00.png,https://s3.zerofinder.co.kr/public/nutritionfacts/0M0J0ZGHFTR00.png,https://zerofinder.co.kr/product/0M0J15MS7YR00
제로슈거 보성녹차베이스,아크바,음료,27100,estimated,저당류,6.9,0.2,1.4,0.3,0,4,40,mL,수크랄로스,수크랄로스:0,,14,https://s3.zerofinder.co.kr/public/products/original/0M0HZRTZ7YR00.png,https://s3.zerofinder.co.kr/public/nutritionfacts/0M0HZT9RTAR00.png,https://zerofinder.co.kr/product/0PCNV3FZ4GQRK
제로 스파클링,이온더핏,음료,18600,estimated,무당류,0,0,1.8,0,0,36,100,mL,"에리스리톨,수크랄로스,아라비아검,D-소비톨액,아세설팜칼륨","에리스리톨:9,수크랄로스:0,아라비아검:0,D-소비톨액:0,아세설팜칼륨:0",,43,https://s3.zerofinder.co.kr/public/products/original/0M0HY15PNYR00.png,,https://zerofinder.co.kr/product/0PCNV3FZ477H8
저당 오리엔탈 드레싱,청정원,조미료/소스,7700,real,저당류,15,1,3,,0.5,1110,100,g,"알룰로스,스테비올 배당체","알룰로스:11,스테비올 배당체:0",,18,https://s3.zerofinder.co.kr/public/products/original/0M0HVKSY6YR00.png,https://s3.zerofinder.co.kr/public/nutritionfacts/0M0HVN090PR00.png,https://zerofinder.co.kr/product/0M0HVXKR82R00
저당 오리엔탈 드레싱,비비드키친,조미료/소스,7460,real,저당류,180,3,19,2,14,2,100,g,"알룰로스,효소처리스테비아,수크랄로스","알룰로스:7,효소처리스테비아:0,수크랄로스:0",,50,https://s3.zerofinder.co.kr/public/products/original/0M0HTXHZAAR00.png,https://s3.zerofinder.co.kr/public/nutritionfacts/0M0HTYST46R00.png,https://zerofinder.co.kr/product/0M0HV9R786R00
LIGHT JOY 저칼로리 오리엔탈 드레싱,오뚜기,조미료/소스,17200,danawa,저당류,31,4.2,5.4,1.4,0.4,970,100,g,스테비올 배당체,스테비올 배당체:0,,48,https://s3.zerofinder.co.kr/public/products/original/0M0HT7NZVER00.png,https://s3.zerofinder.co.kr/public/nutritionfacts/0M0HT9ZB82R00.png,https://zerofinder.co.kr/product/0M0HTMHTPTR00
저칼로리 오리엔탈 드레싱,곰곰,조미료/소스,12420,danawa,저당류,38,4,24.5,2,1,1600,100,g,알룰로스,알룰로스:19.5,,21,https://s3.zerofinder.co.kr/public/products/original/0M0HSXHP0ER00.png,https://s3.zerofinder.co.kr/public/nutritionfacts/0M0HSXRJPJR00.png,https://zerofinder.co.kr/product/0M0HSQJTH2R00
저당 저칼로리 무지방 오리엔탈 드레싱,폰타나,조미료/소스,6,real,저당류,32,3,9,1,,1310,100,g,알룰로스,알룰로스:2,,37,https://s3.zerofinder.co.kr/public/products/original/0M0HMA4Q4PR00.png,https://s3.zerofinder.co.kr/public/nutritionfacts/0M0HM9H8K6R00.png,https://zerofinder.co.kr/product/0M0HMM2BM6R00
제로 스윗 아메리카노,탐사,음료,14310,real,,,,1,,,15,100,mL,"수크랄로스,아세설팜칼륨,스테비올 배당체","수크랄로스:0,아세설팜칼륨:0,스테비올 배당체:0",,36,https://s3.zerofinder.co.kr/public/products/original/0M0HFCGMYER00.png,https://s3.zerofinder.co.kr/public/nutritionfacts/0M0HFCWNTAR00.png,https://zerofinder.co.kr/product/0M0HFYFMP2R00
제로슈가 청포도캔디,simplus,간식/디저트,14000,estimated,무당류,240,0,99,0,0,10,100,g,말티톨,말티톨:98.2,,59,https://s3.zerofinder.co.kr/public/products/original/0M0HDC1X1PR00.png,https://s3.zerofinder.co.kr/public/nutritionfacts/0M0HDFW196R00.png,https://zerofinder.co.kr/product/0PCNV3FZ3P7H5
제로 초코 롤케이크, 케익모아,간식/디저트,11200,estimated,무당류,640,0.9,75,14,43,330,205,g,"에리스리톨,D-소비톨액,D-말티톨","에리스리톨:15,D-소비톨액:0,D-말티톨:0",,45,https://s3.zerofinder.co.kr/public/products/original/0M0HBPX9FER00.png,https://s3.zerofinder.co.kr/public/nutritionfacts/0M0HBQS2XYR00.png,https://zerofinder.co.kr/product/0PCNV3FZ3KNH4
제로 칼로리 알룰로스,백설,기타,34200,danawa,무당류,3.2,0.3,69.1,,,,100,g,알룰로스,알룰로스:68.3,,22,https://s3.zerofinder.co.kr/public/products/original/0M0HAPGDPER00.png,https://s3.zerofinder.co.kr/public/nutritionfacts/0M0HARN1XYR00.png,https://zerofinder.co.kr/product/0M0HBBMF2AR00
제로당 현미 쑥찹쌀떡,떡미당,즉석식품,24000,danawa,무당류,121,0,26,3,0,110,60,g,D-말티톨,D-말티톨:0,,26,https://s3.zerofinder.co.kr/public/products/original/0M0H7EC4JYR00.png,https://s3.zerofinder.co.kr/public/nutritionfacts/0M0H7CW1B2R00.png,https://zerofinder.co.kr/product/0PCNV3FZ2R82D
저당 떡볶이양념,비비드키친,조미료/소스,17200,estimated,저당류,55,2.3,26,5,1.5,2310,100,g,"알룰로스,수크랄로스","알룰로스:20.2,수크랄로스:0",,45,https://s3.zerofinder.co.kr/public/products/original/0M0H6ETGGAR00.png,https://s3.zerofinder.co.kr/public/nutritionfacts/0M0H69VKZPR00.png,https://zerofinder.co.kr/product/0PCNV3FZ31BJC
비타글루 제로 에이드, 코스팜,음료,31500,estimated,무당류,0,0,2.4,0,0,0,2.5,g,"에리스리톨,수크랄로스","에리스리톨:1.18,수크랄로스:0",,15,https://s3.zerofinder.co.kr/public/products/original/0M0H4277DPR00.png,https://s3.zerofinder.co.kr/public/nutritionfacts/0M0H3QNMHPR00.png,https://zerofinder.co.kr/product/0PCNV3FZ2X9C9
토닉워터 얼그레이홍차 제로칼로리,하이트진로,음료,7460,real,저당류,22.8,5.4,29,0,0,140,600,mL,"효소처리스테비아,알룰로스,수크랄로스,아세설팜칼륨,사카린","효소처리스테비아:0,알룰로스:14,수크랄로스:0,아세설팜칼륨:0,사카린:0",,52,https://s3.zerofinder.co.kr/public/products/original/0M0H2NH30PR00.png,https://s3.zerofinder.co.kr/public/nutritionfacts/0M0H2XDFT6R00.png,https://zerofinder.co.kr/product/0PCNV3FZ2PGJR
제로 에이드 레몬 맛,이디야,음료,20680,danawa,무당류,0,0,45,0,0,150,1000,mL,"에리스리톨,수크랄로스","에리스리톨:44,수크랄로스:0",,50,https://s3.zerofinder.co.kr/public/products/original/0M0H1GQJWER00.png,https://s3.zerofinder.co.kr/public/nutritionfacts/0M0H1R4E1TR00.png,https://zerofinder.co.kr/product/0PCNV3FZ2THBX
아이스팝 딸기,제로윗,간식/디저트,5700,real,무당류,35,0,20,0,0,65,120,mL,"에리스리톨,알룰로스,효소처리스테비아,아세설팜칼륨,수크랄로스","에리스리톨:2,알룰로스:2,효소처리스테비아:0,아세설팜칼륨:0,수크랄로스:0",,32,https://s3.zerofinder.co.kr/public/products/original/0M0H08YW6JR00.png,https://s3.zerofinder.co.kr/public/nutritionfacts/0M0H091QKYR00.png,https://zerofinder.co.kr/product/0PCNV3FZ2SR5A
당제로 통곡물 시리얼,씨알로,주식/면류,25650,danawa,무당류,150,0,25,2,0.6,5,30,g,"알룰로스,효소처리스테비아","알룰로스:0,효소처리스테비아:0",,12,https://s3.zerofinder.co.kr/public/products/original/0M0GYGKKBYR00.png,https://s3.zerofinder.co.kr/public/nutritionfacts/0M0GYK38Q6R00.png,https://zerofinder.co.kr/product/0PCNV3FZ2MD1K
제로 레몬라임 아이스티,복음자리,음료,12100,real,무당류,2,0,21,0,0,180,100,g,"에리스리톨,알룰로스,수크랄로스,아세설팜칼륨","에리스리톨:11.3,알룰로스:9.6,수크랄로스:0,아세설팜칼륨:0",,9,https://s3.zerofinder.co.kr/public/products/original/0M0GXXC94AR00.png,https://s3.zerofinder.co.kr/public/nutritionfacts/0M0GXZG486R00.png,https://zerofinder.co.kr/product/0PCNV3FZ2GWRY
제로톡젤리복숭아맛,건영제과,간식/디저트,6280,real,무당류,0,0,1,0,0,15,40,g,"수크랄로스,아세설팜칼륨,에리스리톨","수크랄로스:0,아세설팜칼륨:0,에리스리톨:0",,49,https://s3.zerofinder.co.kr/public/products/original/0M0GWRZFDTR00.png,https://s3.zerofinder.co.kr/public/nutritionfacts/0M0GWSM952R00.png,https://zerofinder.co.kr/product/0PCNV3FZ2FVT3
스파클링제로슈가 피치,OKF,음료,8200,real,무당류,0,0,0,0,0,0,350,mL,"수크랄로스,아스파탐,아세설팜칼륨","수크랄로스:0,아스파탐:0,아세설팜칼륨:0",,14,https://s3.zerofinder.co.kr/public/products/original/0M0G6AQDVJR00.png,https://s3.zerofinder.co.kr/public/nutritionfacts/0M0G6BZTHYR00.png,https://zerofinder.co.kr/product/0PCNV3FZ2EZX1
요거트 파우더 제로,오붐,유제품,20570,danawa,무당류,12,0,96,0,0,14,100,g,에리스리톨,에리스리톨:91,,58,https://s3.zerofinder.co.kr/public/products/original/0M0G4KAQ9JR00.png,https://s3.zerofinder.co.kr/public/nutritionfacts/0M0G4N8F36R00.png,https://zerofinder.co.kr/product/0PCNV3FZ22HMX
더말린 제로 애플망고,자연은,음료,44070,danawa,무당류,1,0,9.7,0,0,25,500,mL,"에리스리톨,수크랄로스,아세설팜칼륨","에리스리톨:9,수크랄로스:0,아세설팜칼륨:0",,40,https://s3.zerofinder.co.kr/public/products/original/0M0G2PMDH2R00.png,https://s3.zerofinder.co.kr/public/nutritionfacts/0M0G30V5PAR00.png,https://zerofinder.co.kr/product/0PCNV3FZ213Q0
제로 슈가 아이스티 복숭아,립톤,음료,20890,danawa,,,,5,,,,5,g,"에리스리톨,아스파탐,아세설팜칼륨","에리스리톨:4.5,아스파탐:0,아세설팜칼륨:0",,13,https://s3.zerofinder.co.kr/public/products/original/0M07WAG8ZA400.png,https://s3.zerofinder.co.kr/public/nutritionfacts/0M07WBV1WP400.png,https://zerofinder.co.kr/product/0M07WZ54H2400
제로 스윗 복숭아 아이스티,탐사,음료,13110,danawa,,,,1,,,16,100,mL,에리스리톨,에리스리톨:0.49,,28,https://s3.zerofinder.co.kr/public/products/original/0M07H3DRZA400.png,https://s3.zerofinder.co.kr/public/nutritionfacts/0M07H4P1K6400.png,https://zerofinder.co.kr/product/0M07H9AA2P400
아이스티 제로 복숭아,동원보성홍차,음료,20100,danawa,,0,,1,0,,20,500,mL,수크랄로스,수크랄로스:0,,55,https://s3.zerofinder.co.kr/public/products/original/0M07FQ7GRP400.png,https://s3.zerofinder.co.kr/public/nutritionfacts/0M07FVGTY2400.png,https://zerofinder.co.kr/product/0M07GAN0WP400
감미루트 제로 식혜,엔에이치씨바이오텍,음료,31300,estimated,무당류,0,0,2,0,0,0,100,mL,알룰로스,알룰로스:1.7,,7,https://s3.zerofinder.co.kr/public/products/original/0M07D1WENE400.png,https://s3.zerofinder.co.kr/public/nutritionfacts/0M07D290KA400.png,https://zerofinder.co.kr/product/0PCNV3FZ25XGY
픽스타치오 제로바,삼우냉동,간식/디저트,23000,estimated,무당류,95,0,17,2,8,12,80,mL,"수크랄로스,에리스리톨,알룰로스","수크랄로스:0,에리스리톨:6,알룰로스:4",,18,https://s3.zerofinder.co.kr/public/products/original/0M07369C1Z400.png,https://s3.zerofinder.co.kr/public/nutritionfacts/0M0731NMM7400.png,https://zerofinder.co.kr/product/0PCNV3FZ20314
유자 아이스티 제로,맥널티커피,음료,26000,estimated,무당류,0,0,12.5,0,0,50,500,g,에리스리톨,에리스리톨:12.5,,47,https://s3.zerofinder.co.kr/public/products/original/0M072DPF8Z400.png,https://s3.zerofinder.co.kr/public/nutritionfacts/0M071KPRHB400.png,https://zerofinder.co.kr/product/0PCNV3FZ1T6Z9
곤약젤리 오렌지 제로,자임,간식/디저트,990,danawa,무당류,4,0,9,0,0,45,140,g,에리스리톨,에리스리톨:8,,54,https://s3.zerofinder.co.kr/public/products/original/0M06XTT923400.png,https://s3.zerofinder.co.kr/public/nutritionfacts/0M06XQYXXV400.png,https://zerofinder.co.kr/product/0PCNV3FZ1EJP6
곤약젤리 사과 제로,자임,간식/디저트,44280,danawa,무당류,9,0,14,0,0,57,50,g,에리스리톨,에리스리톨:11,,60,https://s3.zerofinder.co.kr/public/products/original/0M06VWP12EC00.png,https://s3.zerofinder.co.kr/public/nutritionfacts/0M06WQJKM7400.png,https://zerofinder.co.kr/product/0PCNV3FZ18GRY
제로슈가 오트밀쿠키,엔에프에스 갈매지점,간식/디저트,16100,estimated,무당류,455,0,68,8,21.33,271,100,g,,,,44,https://s3.zerofinder.co.kr/public/products/original/0KYXH1N0XGM00.png,,https://zerofinder.co.kr/product/0PCNV3FZ18GG3
호랑이생강청 제로,자연농장,음료,27300,estimated,,34,7.12,8.24,0.09,0.06,12,100,g,알룰로스,알룰로스:0,,20,https://s3.zerofinder.co.kr/public/products/original/0KYDNSNQ2G400.png,,https://zerofinder.co.kr/product/0PCNV3FZ32C1K
과수원 청포도 제로슈가,남양,음료,20700,danawa,저당류,12,0.7,6.2,0,0,50,100,mL,"수크랄로스,아세설팜칼륨,에리스리톨","수크랄로스:0,아세설팜칼륨:0,에리스리톨:3.2",,56,https://s3.zerofinder.co.kr/public/products/original/0KYDN98C48400.png,,https://zerofinder.co.kr/product/0PCNV3FZ4HMGT
과수원 오렌지 제로슈가,남양,음료,26220,danawa,무당류,2,0,3,0,0,30,100,mL,"수크랄로스,아세설팜칼륨,에리스리톨","수크랄로스:0,아세설팜칼륨:0,에리스리톨:2.6",,31,https://s3.zerofinder.co.kr/public/products/original/0KYDMRHCN8400.png,,https://zerofinder.co.kr/product/0PCNV3FZ4J0B0
탑씨 제로 복숭아향,일화,음료,14100,estimated,무당류,0,0,0,0,0,1,100,mL,"수크랄로스,아세설팜칼륨,알룰로스,D-소비톨액,아라비아검","수크랄로스:0,아세설팜칼륨:0,알룰로스:0,D-소비톨액:0,아라비아검:0",,52,https://s3.zerofinder.co.kr/public/products/original/0KYDM4X9DR400.png,,https://zerofinder.co.kr/product/0PCNV3FZ2FH00
스파클링제로버블 알로에맛,블링부스터x위글위글,음료,30500,estimated,무당류,0,0,0,0,0,3,100,mL,"아스파탐,수크랄로스,아세설팜칼륨","아스파탐:0,수크랄로스:0,아세설팜칼륨:0",,55,https://s3.zerofinder.co.kr/public/products/original/0KYDHGX95G400.png,,https://zerofinder.co.kr/product/0PCNV3FZJZ1BS
스파클링제로버블 레몬맛,블링부스터x위글위글,음료,30600,estimated,무당류,0,0,0,0,0,1,100,mL,"아스파탐,수크랄로스,아세설팜칼륨","아스파탐:0,수크랄로스:0,아세설팜칼륨:0",,56,https://s3.zerofinder.co.kr/public/products/original/0KYDH12N2W400.png,,https://zerofinder.co.kr/product/0PCNV3FZKVVE1
스파클링제로버블 애플망고맛,블링부스터x위글위글,음료,25800,estimated,무당류,2,0,0.56,0,0,1,100,mL,"아스파탐,수크랄로스,아세설팜칼륨","아스파탐:0,수크랄로스:0,아세설팜칼륨:0",,52,https://s3.zerofinder.co.kr/public/products/original/0KYD4KMT6M400.png,,https://zerofinder.co.kr/product/0PCNV3FZJB7P5
스파클링제로버블 수박맛,블링부스터x위글위글,음료,28400,estimated,무당류,0,0,0,0,0,1,100,mL,"아스파탐,수크랄로스,아세설팜칼륨","아스파탐:0,수크랄로스:0,아세설팜칼륨:0",,22,https://s3.zerofinder.co.kr/public/products/original/0KYD47EP9M400.png,,https://zerofinder.co.kr/product/0PCNV3FZK6PPB
미에로화이바 제로슈가,현대약품,음료,16500,estimated,무당류,11,0,3.89,0,0,11,100,mL,"수크랄로스,아세설팜칼륨,스테비올 배당체","수크랄로스:0,아세설팜칼륨:0,스테비올 배당체:0",,49,https://s3.zerofinder.co.kr/public/products/original/0KYD3JXACG400.png,,https://zerofinder.co.kr/product/0PCNV3FZ7DKGP
애사비 제로 스파클링,썬키스트,음료,26600,danawa,무당류,1,0,3.71,0,0,13,100,mL,"수크랄로스,아세설팜칼륨,에리스리톨","수크랄로스:0,아세설팜칼륨:0,에리스리톨:10.5",,60,https://s3.zerofinder.co.kr/public/products/original/0KYD31VYX0400.png,,https://zerofinder.co.kr/product/0PCNV3FZFAXPK
제로 오렌지 소다,썬키스트,음료,17610,danawa,무당류,0,0,2.25,0,0,13,100,mL,"수크랄로스,아세설팜칼륨,알룰로스,D-소비톨액,아라비아검,감초추출물","수크랄로스:0,아세설팜칼륨:0,알룰로스:8,D-소비톨액:0,아라비아검:0,감초추출물:0",,35,https://s3.zerofinder.co.kr/public/products/original/0KYD25HPMC400.png,,https://zerofinder.co.kr/product/0PCNV3FZ89992
제로 자두자몽 소다,썬키스트,음료,28910,danawa,무당류,0,0,2.5,0,0,13,100,g,"수크랄로스,아세설팜칼륨,에리스리톨,알룰로스,아라비아검","수크랄로스:0,아세설팜칼륨:0,에리스리톨:2.63,알룰로스:8,아라비아검:0",,57,https://s3.zerofinder.co.kr/public/products/original/0KYCYYC0P8400.png,,https://zerofinder.co.kr/product/0PCNV3FZ85W59
제로 자몽 소다,썬키스트,음료,28910,danawa,무당류,1,0,2.54,0,0,14,100,mL,"수크랄로스,아세설팜칼륨,알룰로스,D-소비톨액,아라비아검","수크랄로스:0,아세설팜칼륨:0,알룰로스:8,D-소비톨액:0,아라비아검:0",,27,https://s3.zerofinder.co.kr/public/products/original/0KYCXYPEB4400.png,,https://zerofinder.co.kr/product/0PCNV3FZ4QR3B
스파클링제로자두,오케이에프,음료,19200,estimated,무당류,1,0,1.68,0.08,0.02,0,100,mL,"아스파탐,수크랄로스,아세설팜칼륨","아스파탐:0,수크랄로스:0,아세설팜칼륨:0",,55,https://s3.zerofinder.co.kr/public/products/original/0KY6YMV5D7W00.png,,https://zerofinder.co.kr/product/0PCNV3FZ4521Y
코코제로 리치,슈가로로,음료,29500,estimated,무당류,2,0.29,4.12,0,0,10,100,mL,"수크랄로스,아세설팜칼륨,에리스리톨,D-소비톨액,아라비아검","수크랄로스:0,아세설팜칼륨:0,에리스리톨:12,D-소비톨액:0,아라비아검:0",,19,https://s3.zerofinder.co.kr/public/products/original/0KY6XSQA4KW00.png,,https://zerofinder.co.kr/product/0PCNV3FZ4YSWV
코코제로 망고,슈가로로,음료,14000,estimated,무당류,1,0,3.82,0,0,12,100,g,"수크랄로스,아세설팜칼륨,에리스리톨,D-소비톨액,아라비아검","수크랄로스:0,아세설팜칼륨:0,에리스리톨:12,D-소비톨액:0,아라비아검:0",,17,https://s3.zerofinder.co.kr/public/products/original/0KY6X4GTVBW00.png,,https://zerofinder.co.kr/product/0PCNV3FZ6YS64
코코제로 복숭아,슈가로로,음료,20900,estimated,무당류,1,0,3.82,0,0,12,100,g,"수크랄로스,아세설팜칼륨,에리스리톨,D-소비톨액,아라비아검","수크랄로스:0,아세설팜칼륨:0,에리스리톨:12,D-소비톨액:0,아라비아검:0",,22,https://s3.zerofinder.co.kr/public/products/original/0KY6WM5KQBW00.png,,https://zerofinder.co.kr/product/0PCNV3FZA84M3
코코제로 요구르트,슈가로로,음료,29400,estimated,무당류,0,0,3.53,0,0,12,100,g,"수크랄로스,아세설팜칼륨,에리스리톨,D-소비톨액,아라비아검","수크랄로스:0,아세설팜칼륨:0,에리스리톨:12,D-소비톨액:0,아라비아검:0",,54,https://s3.zerofinder.co.kr/public/products/original/0KY6W0JEJQW00.png,,https://zerofinder.co.kr/product/0PCNV3FZBSPE1
코코제로 포도,슈가로로,음료,26400,real,무당류,4,0.29,4.41,0,0,12,100,mL,"수크랄로스,아세설팜칼륨,에리스리톨","수크랄로스:0,아세설팜칼륨:0,에리스리톨:12",,22,https://s3.zerofinder.co.kr/public/products/original/0KY6VJPQ0ZW00.png,,https://zerofinder.co.kr/product/0PCNV3FZ4RJ47
메론소다 제로,슈가로로,음료,20000,estimated,무당류,2,0,2.8,0,0,1,100,mL,"수크랄로스,아세설팜칼륨,에리스리톨,스테비올 배당체","수크랄로스:0,아세설팜칼륨:0,에리스리톨:6,스테비올 배당체:0",,37,https://s3.zerofinder.co.kr/public/products/original/0KY6VBR52BW00.png,,https://zerofinder.co.kr/product/0PCNV3FZ481G2
구름소다 제로,슈가로로,음료,20900,estimated,무당류,0,0,0.4,0,0,12,100,mL,"수크랄로스,아세설팜칼륨,에리스리톨,효소처리스테비아","수크랄로스:0,아세설팜칼륨:0,에리스리톨:1,효소처리스테비아:0",,58,https://s3.zerofinder.co.kr/public/products/original/0KY6TVRJC7W00.png,,https://zerofinder.co.kr/product/0PCNV3FZ4NY12
쥬시쿨 제로 파인애플,빙그레,음료,27480,danawa,무당류,4,0,2,0,0,55,100,mL,아스파탐,아스파탐:0,,6,https://s3.zerofinder.co.kr/public/products/original/0KY6TAWT1KW00.png,,https://zerofinder.co.kr/product/0PCNV3FZ3DM0A
생귤탱귤 제로 감귤,빙그레,간식/디저트,36600,danawa,무당류,0,0,15.72,0,0,14,100,mL,"수크랄로스,에리스리톨,알룰로스","수크랄로스:0,에리스리톨:0,알룰로스:9",,21,https://s3.zerofinder.co.kr/public/products/original/0KY6RJVFHZW00.png,,https://zerofinder.co.kr/product/0PCNV3FZ3RRBZ
더위사냥 제로 디카페인커피,빙그레,간식/디저트,27750,danawa,무당류,54,0,18.57,0.36,1.64,39,100,mL,"수크랄로스,아세설팜칼륨,에리스리톨,말티톨","수크랄로스:0,아세설팜칼륨:0,에리스리톨:3.5,말티톨:18",,21,https://s3.zerofinder.co.kr/public/products/original/0KY6R4DFB3W00.png,,https://zerofinder.co.kr/product/0PCNV3FZ8PDDE
당이 제로당 천도복숭아&자두,매일유업 광주공장,음료,14300,estimated,무당류,3,0,2.4,0,0.32,20,100,mL,"수크랄로스,아세설팜칼륨,에리스리톨,효소처리스테비아","수크랄로스:0,아세설팜칼륨:0,에리스리톨:0,효소처리스테비아:0",,43,https://s3.zerofinder.co.kr/public/products/original/0KY6QRT21BW00.png,,https://zerofinder.co.kr/product/0PCNV3FZ842G1
당이 제로당 유산균음료,매일유업 광주공장,음료,21500,estimated,무당류,3,0,5.6,0,0,44,100,mL,"수크랄로스,에리스리톨","수크랄로스:0,에리스리톨:0",,51,https://s3.zerofinder.co.kr/public/products/original/0KY6GW00S7W00.png,,https://zerofinder.co.kr/product/0PCNV3FZ46KP8
당이 제로당 청포도,매일유업,음료,27900,estimated,무당류,6,0,3.2,0,0.32,24,100,mL,"수크랄로스,아세설팜칼륨,에리스리톨,효소처리스테비아","수크랄로스:0,아세설팜칼륨:0,에리스리톨:0,효소처리스테비아:0",,32,https://s3.zerofinder.co.kr/public/products/original/0KY6GEFKN7W00.png,,https://zerofinder.co.kr/product/0PCNV3FZ2STJV
미닛메이드 레몬에이드 제로,해태에이치티비,음료,24700,estimated,무당류,1,0,0.34,0,0,40,100,g,"수크랄로스,아세설팜칼륨,아라비아검","수크랄로스:0,아세설팜칼륨:0,아라비아검:0",,37,https://s3.zerofinder.co.kr/public/products/original/0KY6F14407W00.png,,https://zerofinder.co.kr/product/0PCNV3FZ921S2
폴라포 스포츠 제로,해태아이스크림,간식/디저트,36270,danawa,무당류,2,0,9.17,0,0,29,100,mL,"수크랄로스,아세설팜칼륨,에리스리톨,알룰로스","수크랄로스:0,아세설팜칼륨:0,에리스리톨:3.2,알룰로스:7.3",,41,https://s3.zerofinder.co.kr/public/products/original/0KY6EF804FW00.png,,https://zerofinder.co.kr/product/0PCNV3FZ2HAC1
클룹 애사비소다 매실 제로,클룹,음료,48900,danawa,무당류,3,0,0.55,0.06,0.05,9,100,mL,"수크랄로스,아세설팜칼륨,알룰로스","수크랄로스:0,아세설팜칼륨:0,알룰로스:2.5",,7,https://s3.zerofinder.co.kr/public/products/original/0KY6C49W9KW00.png,,https://zerofinder.co.kr/product/0PCNV3FZBDQ94
클룹 애사비소다 화이트발사믹 제로,클룹,음료,82200,danawa,무당류,2,0,3,0,0,60,100,mL,"수크랄로스,아세설팜칼륨,알룰로스","수크랄로스:0,아세설팜칼륨:0,알룰로스:2.5",,5,https://s3.zerofinder.co.kr/public/products/original/0KY6BSEJSBW00.png,,https://zerofinder.co.kr/product/0PCNV3FZD8Y5V
클룹 애사비소다 타트체리 제로,클룹,음료,33500,danawa,무당류,2,0,3.6,0,0,10,100,mL,"수크랄로스,아세설팜칼륨,알룰로스","수크랄로스:0,아세설팜칼륨:0,알룰로스:2.5",,56,https://s3.zerofinder.co.kr/public/products/original/0KY6AR6SH7W00.png,,https://zerofinder.co.kr/product/0PCNV3FZFNR7A
클룹 스프린트 에너지 오렌지임팩트 제로,클룹,음료,44960,danawa,무당류,4,0,0.8,0.2,0,12,100,mL,"수크랄로스,아세설팜칼륨","수크랄로스:0,아세설팜칼륨:0",,51,https://s3.zerofinder.co.kr/public/products/original/0KY6A0KHXFW00.png,,https://zerofinder.co.kr/product/0PCNV3FZGZHCN
클룹 스프린트 에너지 시트러스버스트 제로,클룹,음료,39870,danawa,무당류,4,0,0.8,0.2,0,11,100,mL,"수크랄로스,아세설팜칼륨","수크랄로스:0,아세설팜칼륨:0",,52,https://s3.zerofinder.co.kr/public/products/original/0KY69M9YYFW00.png,,https://zerofinder.co.kr/product/0PCNV3FZJ58W4
클룹 유자레몬사이다 제로,클룹,음료,25800,estimated,무당류,3,0,0.57,0.01,0.04,6,100,mL,"수크랄로스,아세설팜칼륨,알룰로스","수크랄로스:0,아세설팜칼륨:0,알룰로스:2.5",,28,https://s3.zerofinder.co.kr/public/products/original/0KY68M4QRBW00.png,,https://zerofinder.co.kr/product/0PCNV3FZ8VNJG
클룹 제로소다 소다맛,오케이에프음료 ,음료,21500,estimated,무당류,1,0,3.2,0,0,6,100,mL,"수크랄로스,아세설팜칼륨,에리스리톨","수크랄로스:0,아세설팜칼륨:0,에리스리톨:7.5",,47,https://s3.zerofinder.co.kr/public/products/original/0KY68775MKW00.png,,https://zerofinder.co.kr/product/0PCNV3FZ5DHXY
클룹 푸룬 화이바 제로,동원시스템즈 횡성공장,음료,30400,estimated,무당류,61,0,23.34,0,0,6,100,mL,"수크랄로스,아세설팜칼륨,D-소비톨액","수크랄로스:0,아세설팜칼륨:0,D-소비톨액:0",,44,https://s3.zerofinder.co.kr/public/products/original/0KY65JANGVW00.png,,https://zerofinder.co.kr/product/0PCNV3FZ40BRA
클룹 제로소다 청사과,오케이에프음료,음료,19300,estimated,무당류,1,0,3.2,0,0,8,100,mL,"수크랄로스,아세설팜칼륨,에리스리톨","수크랄로스:0,아세설팜칼륨:0,에리스리톨:7.5",,59,https://s3.zerofinder.co.kr/public/products/original/0KY64YFEY7W00.png,,https://zerofinder.co.kr/product/0PCNV3FZ75BJ1
클룹 제로소다 포도,오케이에프음료 ,음료,15900,estimated,무당류,1,0,3.2,0,0,6,100,g,"수크랄로스,아세설팜칼륨,에리스리톨","수크랄로스:0,아세설팜칼륨:0,에리스리톨:7.5",,24,https://s3.zerofinder.co.kr/public/products/original/0KY64BB1QBW00.png,,https://zerofinder.co.kr/product/0PCNV3FZ2JRAY
티즐 제로 피치우롱티,웅진,음료,16000,danawa,무당류,1,0,1.34,0,0,5,100,mL,"수크랄로스,아세설팜칼륨,에리스리톨,스테비올 배당체","수크랄로스:0,아세설팜칼륨:0,에리스리톨:5,스테비올 배당체:0",,47,https://s3.zerofinder.co.kr/public/products/original/0KX6GFSWV0800.png,,https://zerofinder.co.kr/product/0PCNV3FZ66QMV
티즐 제로 딸기루이보스,웅진,음료,20520,danawa,무당류,1,0,1.76,0,0,5,100,g,"수크랄로스,아세설팜칼륨,에리스리톨,스테비올 배당체","수크랄로스:0,아세설팜칼륨:0,에리스리톨:7.5,스테비올 배당체:0",,30,https://s3.zerofinder.co.kr/public/products/original/0KX6GC5FMG800.png,,https://zerofinder.co.kr/product/0PCNV3FZ4APEH
티즐 제로 유자그린티,웅진,음료,30000,danawa,무당류,1,0,1.32,0,0,5,100,mL,"수크랄로스,아세설팜칼륨,에리스리톨,스테비올 배당체","수크랄로스:0,아세설팜칼륨:0,에리스리톨:7.5,스테비올 배당체:0",,40,https://s3.zerofinder.co.kr/public/products/original/0KX6FAY96C800.png,,https://zerofinder.co.kr/product/0PCNV3FZ66598
코코뿌요 제로 애플망고,뿌요,음료,26410,danawa,무당류,1,0,2.76,0.03,0.02,10,100,mL,"수크랄로스,에리스리톨,D-소비톨액,아라비아검,스테비올 배당체","수크랄로스:0,에리스리톨:7.5,D-소비톨액:0,아라비아검:0,스테비올 배당체:0",,31,https://s3.zerofinder.co.kr/public/products/original/0KX6ETZ1ZM800.png,,https://zerofinder.co.kr/product/0PCNV3FZ5NT2V
코코뿌요 제로 복숭아,뿌요,음료,12700,danawa,무당류,3,0,3.38,0.08,0.01,10,100,mL,"수크랄로스,에리스리톨,D-소비톨액,아라비아검,스테비올 배당체","수크랄로스:0,에리스리톨:7.5,D-소비톨액:0,아라비아검:0,스테비올 배당체:0",,29,https://s3.zerofinder.co.kr/public/products/original/0KX6DY013R800.png,,https://zerofinder.co.kr/product/0PCNV3FZ3DM6N
콤부차 제로 라임맛,야쿠르트,음료,36220,danawa,무당류,1,0,0.68,0.04,0.02,1,100,mL,"수크랄로스,아세설팜칼륨,알룰로스","수크랄로스:0,아세설팜칼륨:0,알룰로스:1.7",,16,https://s3.zerofinder.co.kr/public/products/original/0KX6D6M10W800.png,,https://zerofinder.co.kr/product/0PCNV3FZBGWBD
콤부차 제로 야쿠르트맛,야쿠르트,음료,36220,danawa,무당류,2,0,0.81,0.03,0.04,4,100,mL,"수크랄로스,아세설팜칼륨,알룰로스,D-소비톨액,아라비아검","수크랄로스:0,아세설팜칼륨:0,알룰로스:1.7,D-소비톨액:0,아라비아검:0",,24,https://s3.zerofinder.co.kr/public/products/original/0KX6CK7P2M800.png,,https://zerofinder.co.kr/product/0PCNV3FZ1J9T2
제로까베르네소비뇽,하이드로오아시스,음료,21000,estimated,,42,9.35,10.2,0.15,0.04,4,100,mL,자일리톨,자일리톨:0,,58,https://s3.zerofinder.co.kr/public/products/original/0KX6BV47E8800.png,,https://zerofinder.co.kr/product/0PCNV3FZ0Y8SE
제로슈가오렌지캔디,홈플러스,간식/디저트,10500,estimated,무당류,240,0,99,0,0.3,10,100,g,말티톨,말티톨:0,,23,https://s3.zerofinder.co.kr/public/products/original/0KX6B59ZH4800.png,,https://zerofinder.co.kr/product/0PCNV3FZ138WT
제로 문경 오미자 아이스티,스위트컵,음료,36900,danawa,무당류,3.4,0,10,0,0,10,100,g,"수크랄로스,에리스리톨,효소처리스테비아","수크랄로스:0,에리스리톨:0,효소처리스테비아:0",,55,https://s3.zerofinder.co.kr/public/products/original/0KX6A8ZFSW800.png,,https://zerofinder.co.kr/product/0PCNV3FZ1ED1E
피치 얼그레이 제로,할리스,음료,54630,danawa,무당류,1,0.01,1.28,0.05,0,5,100,mL,"수크랄로스,아세설팜칼륨,에리스리톨","수크랄로스:0,아세설팜칼륨:0,에리스리톨:6",,46,https://s3.zerofinder.co.kr/public/products/original/0KX69EERKR800.png,,https://zerofinder.co.kr/product/0PCNV3FZ0ZGS6
제로 말차 크림 모나카,롯데웰푸드,간식/디저트,19200,danawa,,145,0,29,1,4.8,65,,,"수크랄로스,말티톨,알룰로스,D-말티톨","수크랄로스:0,말티톨:0,알룰로스:3.7,D-말티톨:0",,33,https://s3.zerofinder.co.kr/public/products/original/0KWSFA9NZ4800.png,,https://zerofinder.co.kr/product/0PCNV3FZ703GV
게토레이제로,롯데칠성음료,음료,21700,estimated,무당류,0,0,0,0,0,49,100,mL,"수크랄로스,아세설팜칼륨","수크랄로스:0,아세설팜칼륨:0",,18,https://s3.zerofinder.co.kr/public/products/original/0KWSF2GJ5M800.png,,https://zerofinder.co.kr/product/0PCZ4B7GJ7C2K
펩시제로슈거모히토향,롯데칠성음료,음료,22900,estimated,무당류,0,0.01,0.08,0.02,0,25,100,mL,"아스파탐,수크랄로스,아세설팜칼륨","아스파탐:0,수크랄로스:0,아세설팜칼륨:0",,55,https://s3.zerofinder.co.kr/public/products/original/0KWSEPF600800.png,,https://zerofinder.co.kr/product/0PCZ4B7GHX6SF
펩시제로슈거라임향제로카페인,롯데칠성음료,음료,30000,estimated,무당류,0,0,0,0,0,17,100,mL,"아스파탐,수크랄로스,아세설팜칼륨","아스파탐:0,수크랄로스:0,아세설팜칼륨:0",,55,https://s3.zerofinder.co.kr/public/products/original/0KWSEDCJQM800.png,,https://zerofinder.co.kr/product/0PCZ4B7GGMP5W
펩시제로슈거파인애플향,롯데칠성음료,음료,27000,estimated,무당류,0,0,0,0,0,17,100,mL,"아스파탐,수크랄로스,아세설팜칼륨","아스파탐:0,수크랄로스:0,아세설팜칼륨:0",,47,https://s3.zerofinder.co.kr/public/products/original/0KWSDXEVWM800.png,,https://zerofinder.co.kr/product/0PCZ4B7GG7184
칠성사이다제로,롯데칠성음료,음료,17040,real,무당류,0,0,6,0,0,12,100,mL,"수크랄로스,에리스리톨,알룰로스,스테비올 배당체","수크랄로스:0,에리스리톨:0,알룰로스:0,스테비올 배당체:0",,10,https://s3.zerofinder.co.kr/public/products/original/0KWSD9H8ZW800.png,,https://zerofinder.co.kr/product/0PCZ4B7GJ6BJW
탐스제로멜론향,롯데칠성음료,음료,18800,estimated,무당류,1,0.03,2.33,0,0,7,100,g,"에리스리톨,알룰로스","에리스리톨:0,알룰로스:4.5",,47,https://s3.zerofinder.co.kr/public/products/original/0KWSD01NXR800.png,,https://zerofinder.co.kr/product/0PCZ4B7GHDR4B
나랑드사이다 제로 파인애플,오케이에프음료 ,음료,25100,estimated,무당류,0,0,0.02,0,0,24,100,mL,"수크랄로스,아세설팜칼륨,알룰로스","수크랄로스:0,아세설팜칼륨:0,알룰로스:1",,26,https://s3.zerofinder.co.kr/public/products/original/0KWSCGTWC0800.png,,https://zerofinder.co.kr/product/0PCNV3FZ90GHR
나랑드사이다 제로 그린애플,오케이에프음료,음료,15300,estimated,무당류,1,0,0.41,0,0,20,100,mL,"수크랄로스,아세설팜칼륨,알룰로스","수크랄로스:0,아세설팜칼륨:0,알룰로스:0.51",,53,https://s3.zerofinder.co.kr/public/products/original/0KWSC2J3XM800.png,,https://zerofinder.co.kr/product/0PCNV3FZ8TBH6
웰치 제로 체리스트로베리맛,대구경북능금농협음료가공공장,음료,23500,danawa,무당류,0,0,2.25,0,0,0,100,g,"수크랄로스,아세설팜칼륨,알룰로스","수크랄로스:0,아세설팜칼륨:0,알룰로스:8",,24,https://s3.zerofinder.co.kr/public/products/original/0KWSBKRDYW800.png,,https://zerofinder.co.kr/product/0PCNV3FZ885P7
웰치 제로 샤인머스캣맛,농심,음료,19280,danawa,무당류,0,0,2.17,0,0,0,100,g,"수크랄로스,아세설팜칼륨,알룰로스","수크랄로스:0,아세설팜칼륨:0,알룰로스:0",,17,https://s3.zerofinder.co.kr/public/products/original/0KWS91RCN8800.png,,https://zerofinder.co.kr/product/0PCNV3FZ2T0ZQ
웰치 제로 오렌지맛,농심,음료,4200,danawa,무당류,0,0,2.25,0,0,0,100,mL,"수크랄로스,아세설팜칼륨,알룰로스,아라비아검","수크랄로스:0,아세설팜칼륨:0,알룰로스:8,아라비아검:0",,7,https://s3.zerofinder.co.kr/public/products/original/0KWS8J0R7R800.png,,https://zerofinder.co.kr/product/0PCNV3FZ1N4CP
칠성사이다제로블루라임,롯데칠성음료,음료,18100,estimated,무당류,0,0,6,0,0,7,100,mL,"수크랄로스,아세설팜칼륨,알룰로스","수크랄로스:0,아세설팜칼륨:0,알룰로스:6",,35,https://s3.zerofinder.co.kr/public/products/original/0KWS7WS8B8800.png,,https://zerofinder.co.kr/product/0PCNV3FZ5B5PS
제로 아이스 쿠키&크림,롯데웰푸드,간식/디저트,21580,danawa,무당류,117,0,21,1,6,85,100,g,"말티톨,D-말티톨","말티톨:0,D-말티톨:0",,54,https://s3.zerofinder.co.kr/public/products/original/0KWS7KRC88800.png,,https://zerofinder.co.kr/product/0PCNV3FZ57KA3
제로 아이스 딥초콜릿,롯데웰푸드,간식/디저트,32940,danawa,무당류,130,0,20,2,7,70,100,g,"말티톨,D-말티톨","말티톨:0,D-말티톨:0",,31,https://s3.zerofinder.co.kr/public/products/original/0KWS774ZEM800.png,,https://zerofinder.co.kr/product/0PCNV3FZ1YMW0
제로 초콜릿칩 쿠키,롯데제과,간식/디저트,18980,danawa,무당류,470,0,60,9,26,440,100,g,"수크랄로스,아세설팜칼륨,에리스리톨,소르비톨,D-말티톨","수크랄로스:0,아세설팜칼륨:0,에리스리톨:0,소르비톨:0,D-말티톨:0",,41,https://s3.zerofinder.co.kr/public/products/original/0KWS6MVAZC800.png,,https://zerofinder.co.kr/product/0PCNV3FZ1FR8T
마운틴듀제로슈거블루,롯데칠성음료,음료,17200,estimated,무당류,0,0,0.01,0.01,0,5,100,mL,"아스파탐,수크랄로스,아라비아검","아스파탐:0,수크랄로스:0,아라비아검:0",,49,https://s3.zerofinder.co.kr/public/products/original/0KWS692QE8800.png,,https://zerofinder.co.kr/product/0PCZ4B7GKDMK3
당제로 초콜릿바,제로윗,간식/디저트,15800,estimated,무당류,155,0,24,2,11.77,25,85,mL,"에리스리톨,알룰로스","에리스리톨:0,알룰로스:0",,30,https://s3.zerofinder.co.kr/public/products/original/0KWNJ9532C800.png,,https://zerofinder.co.kr/product/0PCNV3FZ40HXT
제로루틴 알파CD 3200,코스팜,기타,23000,estimated,무당류,13,0,3,0.03,0,3.57,3.5,g,,,,46,https://s3.zerofinder.co.kr/public/products/original/0KWNHFQPWC800.png,,https://zerofinder.co.kr/product/0PCNV3FZ0MT38
당제로 초콜릿,제로윗,간식/디저트,20100,estimated,무당류,155,0,24,2,18,25,85,mL,"에리스리톨,알룰로스,D-말티톨","에리스리톨:2,알룰로스:1,D-말티톨:0",,53,https://s3.zerofinder.co.kr/public/products/original/0KWNHETADC800.png,,https://zerofinder.co.kr/product/0PCNV3FZ3VKE6
컨디션 제로 스파클링,튤립인터내셔널,음료,72810,danawa,무당류,10,0,2,0,0,45,100,mL,수크랄로스,수크랄로스:0,,11,https://s3.zerofinder.co.kr/public/products/original/0KWNGMJB0R800.png,,https://zerofinder.co.kr/product/0PCNV3FZ0JATR
제로윗 아이스팝 배,서주,간식/디저트,21300,estimated,무당류,37,0,19.17,0,0,50,100,mL,"수크랄로스,아세설팜칼륨,에리스리톨,알룰로스","수크랄로스:0,아세설팜칼륨:0,에리스리톨:0,알룰로스:0",,19,https://s3.zerofinder.co.kr/public/products/original/0KWNG23BHR800.png,,https://zerofinder.co.kr/product/0PCNV3FZ1WMS6
위생천 스파클링 제로,광동제약,음료,16630,danawa,무당류,0,0,2,0,0,10,75,g,"수크랄로스,아세설팜칼륨,알룰로스","수크랄로스:0,아세설팜칼륨:0,알룰로스:2",,49,https://s3.zerofinder.co.kr/public/products/original/0KWNFYH9C4800.png,,https://zerofinder.co.kr/product/0PCNV3FZ0F1RS
떠먹는 제로 티라미수,던킨,간식/디저트,17700,estimated,무당류,235,0,34.84,5.16,14.19,97,100,g,,,,8,https://s3.zerofinder.co.kr/public/products/original/0KWNF6QTVC800.png,,https://zerofinder.co.kr/product/0PCNV3FZ0MMHH
곤약젤리 청포도 제로,자임에프앤비,간식/디저트,18300,estimated,무당류,2,0,7.9,0,0,34,100,g,에리스리톨,에리스리톨:7.86,,59,https://s3.zerofinder.co.kr/public/products/original/0KWNENGQYG800.png,,https://zerofinder.co.kr/product/0PCNV3FZ0VW0G
제로재 무설탕 생강청,자연농장,음료,15800,estimated,저당류,34,1,7,0,1,10,100,g,알룰로스,알룰로스:0,,13,https://s3.zerofinder.co.kr/public/products/original/0KWNE94ZZC800.png,,https://zerofinder.co.kr/product/0PCNV3FZ14958
최겸의 제로또띠아,제로베이커리,간식/디저트,21700,estimated,저당류,324,1.64,43.64,3.64,21.09,364,100,g,,,,47,https://s3.zerofinder.co.kr/public/products/original/0KWNCPNDWW800.png,,https://zerofinder.co.kr/product/0PCNV3FZ1YY55
제로 연양갱 꿀고구마,롯데,간식/디저트,17900,estimated,무당류,95,0,34,1.4,0,0,50,g,"수크랄로스,아세설팜칼륨,D-말티톨","수크랄로스:0,아세설팜칼륨:0,D-말티톨:0",,40,https://s3.zerofinder.co.kr/public/products/original/0KWNC8HCAM800.png,,https://zerofinder.co.kr/product/0PCNV3FZ0EDYB
제로 에이드 청포도,동원시스템즈,음료,24500,estimated,무당류,0,0,4.4,0,0,8,100,mL,에리스리톨,에리스리톨:4.4,,53,https://s3.zerofinder.co.kr/public/products/original/0KWNB3YNA0800.png,,https://zerofinder.co.kr/product/0PCNV3FZ027FC
왕포도알 제로슈가,서주,간식/디저트,22900,estimated,무당류,40,0,20,0,0,50,120,mL,"수크랄로스,아세설팜칼륨,에리스리톨,말티톨,효소처리스테비아","수크랄로스:0,아세설팜칼륨:0,에리스리톨:0,말티톨:0,효소처리스테비아:0",,44,https://s3.zerofinder.co.kr/public/products/original/0KWNAAYKNM800.png,,https://zerofinder.co.kr/product/0PCNV3FYZYFS9
흑삼진액제로,휴럼,건강기능식품,43650,danawa,무당류,0,0,0.83,0.21,0,1.875,50,mL,,,,37,https://s3.zerofinder.co.kr/public/products/original/0KWN9WKJV8800.png,,https://zerofinder.co.kr/product/0PCNV3FYZXAD6
파리콜라제로,LA LIMONADERIE DE PARIS,음료,21400,estimated,무당류,0,0,0,0,0,4,330,mL,"수크랄로스,아세설팜칼륨","수크랄로스:0,아세설팜칼륨:0",,40,https://s3.zerofinder.co.kr/public/products/original/0KWN8ZWGSR800.png,,https://zerofinder.co.kr/product/0PCNV3FYZT5BM
제로오렌지탄산,OKF,음료,21700,estimated,무당류,0,0,1.6,0,0,1,100,mL,,,,15,https://s3.zerofinder.co.kr/public/products/original/0KWN8H2E08800.png,,https://zerofinder.co.kr/product/0PCNV3FYZNX7Q
제로톡젤리믹스,건영제과,간식/디저트,20900,estimated,무당류,0,0,1,0,0,15,40,g,"수크랄로스,아세설팜칼륨,에리스리톨,효소처리스테비아","수크랄로스:0,아세설팜칼륨:0,에리스리톨:0,효소처리스테비아:0",,35,https://s3.zerofinder.co.kr/public/products/original/0KWN7Z41MW800.png,,https://zerofinder.co.kr/product/0PCNV3FYZMGJ3
드림카카오제로,롯데웰푸드,간식/디저트,16800,estimated,,153,2,18,3,10,10,32,g,D-말티톨,D-말티톨:13,,53,https://s3.zerofinder.co.kr/public/products/original/0KWN7B97E8800.png,,https://zerofinder.co.kr/product/0PCNV3FYZD74Y
당제로 바닐라,제로윗,간식/디저트,13900,estimated,무당류,100,0,18,1,6,10,100,mL,"에리스리톨,알룰로스","에리스리톨:0,알룰로스:0",,45,https://s3.zerofinder.co.kr/public/products/original/0KWN6AWW2W800.png,,https://zerofinder.co.kr/product/0PCNV3FZ0X2CD
에버데이 제로 에너지,일화,음료,19440,danawa,무당류,1,0,0.22,0.06,0.01,13,100,g,"수크랄로스,아세설팜칼륨,D-소비톨액,아라비아검","수크랄로스:0,아세설팜칼륨:0,D-소비톨액:0,아라비아검:0",,54,https://s3.zerofinder.co.kr/public/products/original/0KWN5VQ1K0800.png,,https://zerofinder.co.kr/product/0PCNV3FZ0YD37
에버데이 제로 비타민,일화,음료,19440,danawa,무당류,1,0,0.23,0.06,0.03,19,100,g,,,,45,https://s3.zerofinder.co.kr/public/products/original/0KWN4R2WD4800.png,,https://zerofinder.co.kr/product/0PCNV3FZ19KKQ
에버데이 제로 릴렉스,일화,음료,19440,danawa,무당류,1,0,0.06,0.08,0.01,4,100,g,"수크랄로스,아세설팜칼륨","수크랄로스:0,아세설팜칼륨:0",,33,https://s3.zerofinder.co.kr/public/products/original/0KWN4EA6J0800.png,,https://zerofinder.co.kr/product/0PCNV3FZ088SV
제로 티라미수,케익드라마,간식/디저트,27700,danawa,무당류,270,0,35,5,17,70,100,g,,,,23,https://s3.zerofinder.co.kr/public/products/original/0KWN3NDEHC800.png,,https://zerofinder.co.kr/product/0PCNV3FYYZ471
제로베이스 자몽,베버시티,음료,17900,estimated,저당류,5,1,55,0,0,20,100,g,"수크랄로스,알룰로스,D-소비톨액,효소처리스테비아,아라비아검","수크랄로스:0,알룰로스:0,D-소비톨액:0,효소처리스테비아:0,아라비아검:0",,26,https://s3.zerofinder.co.kr/public/products/original/0KWN3GAGSR800.png,,https://zerofinder.co.kr/product/0PCNV3FYZA54H
제로베이스 레몬,베버시티,음료,19400,estimated,무당류,7,0,55,0,0,20,100,g,"수크랄로스,알룰로스,D-소비톨액,효소처리스테비아,아라비아검","수크랄로스:0,알룰로스:53,D-소비톨액:0,효소처리스테비아:0,아라비아검:0",,39,https://s3.zerofinder.co.kr/public/products/original/0KWN34N9QG800.png,,https://zerofinder.co.kr/product/0PCNV3FYYZV6J
아이스티제로 자몽,오케이에프음료 ,음료,15100,estimated,무당류,10,0,14,0,0,10,500,g,"수크랄로스,에리스리톨","수크랄로스:0,에리스리톨:12.5",,14,https://s3.zerofinder.co.kr/public/products/original/0KWN0Z83D8800.png,,https://zerofinder.co.kr/product/0PCNV3FYYJTSE
곤약젤리 복숭아 제로,자임에프앤비,간식/디저트,13700,estimated,무당류,2,0,7.5,0,0,38,100,g,"수크랄로스,에리스리톨","수크랄로스:0,에리스리톨:7.14",,49,https://s3.zerofinder.co.kr/public/products/original/0KWMZSF4R0800.png,,https://zerofinder.co.kr/product/0PCNV3FZ1XHTZ
메나브레아 제로,BIRRA MENABREA S.P.A.,음료,16400,estimated,저당류,15,0.5,3.3,0.5,0,10,100,mL,,,,18,https://s3.zerofinder.co.kr/public/products/original/0KWMZG0B2G800.png,,https://zerofinder.co.kr/product/0PCNV3FYY9X9R
제로당현미쑥인절미,만풍농업회사,간식/디저트,11300,estimated,무당류,202,0.3,43.16,5.08,1.04,224,100,g,말티톨,말티톨:0,,31,https://s3.zerofinder.co.kr/public/products/original/0KWMWNRC9R800.png,,https://zerofinder.co.kr/product/0PCNV3FZ02QPP
탐스제로사과,롯데칠성음료,음료,19600,estimated,저당류,3,0.53,2.46,0.01,0.02,7,100,mL,"수크랄로스,에리스리톨,알룰로스,스테비올 배당체","수크랄로스:0,에리스리톨:0,알룰로스:0,스테비올 배당체:0",,34,https://s3.zerofinder.co.kr/public/products/original/0KWMPT7NZGM00.png,,https://zerofinder.co.kr/product/0PCZ4B7GGY0NJ
립톤제로복숭아아이스티,롯데칠성음료,음료,14460,real,무당류,2,0,0.51,0.04,0.02,13,100,g,"아세설팜칼륨,수크랄로스","아세설팜칼륨:0,수크랄로스:0",,31,https://s3.zerofinder.co.kr/public/products/original/0KWMP1S4SRM00.png,,https://zerofinder.co.kr/product/0PCNV3FZ5QT0Y
칠성사이다제로오렌지,롯데칠성음료,음료,14700,estimated,무당류,1,0.18,1.89,0.01,0,2,100,mL,"수크랄로스,에리스리톨,알룰로스","수크랄로스:0,에리스리톨:0,알룰로스:0",,58,https://s3.zerofinder.co.kr/public/products/original/0KWMNHM90CM00.png,,https://zerofinder.co.kr/product/0PCNV3FZ5TKGS
탐스제로파인애플,롯데칠성음료,음료,21300,estimated,,2,0.25,2.42,0,0,9,,,"수크랄로스,에리스리톨,알룰로스,D-소비톨액","수크랄로스:0,에리스리톨:1,알룰로스:6,D-소비톨액:0",,54,https://s3.zerofinder.co.kr/public/products/original/0KWMMYGXC8M00.png,,https://zerofinder.co.kr/product/0PCZ4B7GKBB60
제로 플레인 요거트,롯데웰푸드,유제품,15600,estimated,,60,0,5,4.6,3.1,20,,,아세설팜칼륨,아세설팜칼륨:0,,49,https://s3.zerofinder.co.kr/public/products/original/0KWMMHBBS4M00.png,,https://zerofinder.co.kr/product/0PCNV3FZ25SSW
피로제로,보고신약,음료,14000,estimated,,80,16,16,4,0,8,100,mL,효소처리스테비아,효소처리스테비아:0,,53,https://s3.zerofinder.co.kr/public/products/original/0KWMKXWSJ0M00.png,,https://zerofinder.co.kr/product/0PCNV3FYV8YRM
요플레 제로 초코링,빙그레 광주공장,유제품,15500,estimated,무당류,105,0,11,6.5,4.1,69.6,120,g,"알룰로스,효소처리스테비아,D-말티톨","알룰로스:0,효소처리스테비아:0,D-말티톨:0",,35,https://s3.zerofinder.co.kr/public/products/original/0KWMKPWK3MM00.png,,https://zerofinder.co.kr/product/0PCNV3FZ1M3BG
코카·콜라 제로제로,코카콜라음료,음료,20340,danawa,무당류,0,0,0,0,0,6,100,mL,"수크랄로스,아세설팜칼륨","수크랄로스:0,아세설팜칼륨:0",,27,https://s3.zerofinder.co.kr/public/products/original/0KWMKJQC6CM00.png,,https://zerofinder.co.kr/product/0PCNV3FZ0A0EQ
펩시제로슈거라임향,롯데칠성음료,음료,19100,estimated,무당류,0,0,0,0,0,27,100,mL,"아스파탐,수크랄로스,아세설팜칼륨","아스파탐:0,수크랄로스:0,아세설팜칼륨:0",,29,https://s3.zerofinder.co.kr/public/products/original/0KWMKARY0CM00.png,,https://zerofinder.co.kr/product/0PCNV3FZ0DYH5
HOT6 THE KING 제로,롯데칠성음료,음료,29200,estimated,무당류,3,0,2.52,0.1,0,37,100,mL,"수크랄로스,아세설팜칼륨,에리스리톨","수크랄로스:0,아세설팜칼륨:0,에리스리톨:0",,58,https://s3.zerofinder.co.kr/public/products/original/0KWMK4E5YMM00.png,,https://zerofinder.co.kr/product/0PCNV3FYYKZ9W
흑삼진액 제로,다정,건강기능식품,40800,estimated,저당류,10,0.9,1.4,0.2,0.06,8,100,mL,,,,52,https://s3.zerofinder.co.kr/public/products/original/0KWMJSRW88M00.png,,https://zerofinder.co.kr/product/0PCNV3FYZES42
"7days 제로 곤약젤리, 복숭아맛",자임에프앤비,간식/디저트,20700,estimated,무당류,2,0,7.6,0,0,36,100,g,에리스리톨,에리스리톨:7.06,,56,https://s3.zerofinder.co.kr/public/products/original/0KWMJRF2XRM00.png,,https://zerofinder.co.kr/product/0PCNV3FZ86EWT
클룹 제로소다 레몬,오케이에프음료,음료,24600,estimated,무당류,0,0,3.2,0,0,4,100,g,"수크랄로스,아세설팜칼륨,에리스리톨,효소처리스테비아","수크랄로스:0,아세설팜칼륨:0,에리스리톨:3,효소처리스테비아:0",,19,https://s3.zerofinder.co.kr/public/products/original/0KWMJ771ZMM00.png,,https://zerofinder.co.kr/product/0PCNV3FZ18QVC
제로넛츠 아몬드,씨앤지,간식/디저트,17300,estimated,무당류,535,0,45.16,12.78,38.91,38,100,g,D-말티톨,D-말티톨:28,,22,https://s3.zerofinder.co.kr/public/products/original/0KWMGNKSHCM00.png,,https://zerofinder.co.kr/product/0PCNV3FYYMWDC
저먼 제로 부어스트,외갓집,육가공품,42940,danawa,무당류,314,0.75,6,14,26,525,1000,g,,,,6,https://s3.zerofinder.co.kr/public/products/original/0KWMGEFF3WM00.png,,https://zerofinder.co.kr/product/0PCNV3FYZYQR8
제로와플(코코넛),제로베이커리,간식/디저트,15900,estimated,저당류,252,2.08,31.25,4.17,18.75,750,100,g,에리스리톨,에리스리톨:12,,47,https://s3.zerofinder.co.kr/public/products/original/0KWMFYWKEMM00.png,,https://zerofinder.co.kr/product/0PCNV3FYZX4HB
제로 카카오 케이크,롯데제과,간식/디저트,5900,danawa,무당류,455,0,48,9,29,350,100,g,"수크랄로스,아세설팜칼륨,D-말티톨","수크랄로스:0,아세설팜칼륨:0,D-말티톨:0",,30,https://s3.zerofinder.co.kr/public/products/original/0KWMAB8BA5400.png,,https://zerofinder.co.kr/product/0PCNV3FZ2AT2Q
마스터토닉워터제로,롯데칠성음료,음료,26800,estimated,무당류,0,0,0,0,0,2,100,mL,,,,58,https://s3.zerofinder.co.kr/public/products/original/0KWM9RCRP9400.png,,https://zerofinder.co.kr/product/0PCNV3FZ1QFYP
립톤제로복숭아 아이스티,롯데칠성음료,음료,22100,estimated,무당류,2,0,0.51,0.04,0.02,13,100,g,"수크랄로스,아세설팜칼륨","수크랄로스:0,아세설팜칼륨:0",,13,https://s3.zerofinder.co.kr/public/products/original/0KWM97TWF5400.png,,https://zerofinder.co.kr/product/0PCNV3FZ40GB5
클라우드 논알콜릭(구 클라우드 클리어 제로),롯데칠성음료,음료,31500,estimated,무당류,9,0,2,0,0,6,100,mL,,,,39,https://s3.zerofinder.co.kr/public/products/original/0KWM8RJ1G1400.png,,https://zerofinder.co.kr/product/0PCNV3FZ0NMGC
칠성사이다제로라임,롯데칠성음료,음료,14100,estimated,무당류,1,0.03,2.09,0,0,4,100,mL,"수크랄로스,에리스리톨,알룰로스","수크랄로스:0,에리스리톨:1,알룰로스:6",,30,https://s3.zerofinder.co.kr/public/products/original/0KWM7YJTMX400.png,,https://zerofinder.co.kr/product/0PCNV3FZ0G4YC
제로 밀크 모나카,롯데웰푸드,간식/디저트,18790,danawa,무당류,116,0,22.14,1.43,4.29,57,100,mL,"수크랄로스,말티톨,D-말티톨","수크랄로스:0,말티톨:0,D-말티톨:0",,47,https://s3.zerofinder.co.kr/public/products/original/0KWM745FV6R00.png,,https://zerofinder.co.kr/product/0PCNV3FYYVKAS
Project H 제로마들렌 얼그레이,삼립,간식/디저트,10800,estimated,,109,,15,2,9.3,90,29,g,"말티톨,D-말티톨","말티톨:0,D-말티톨:0",,46,https://s3.zerofinder.co.kr/public/products/original/0KWM4V4C3TR00.png,,https://zerofinder.co.kr/product/0KWM52MK2PR00
Project H 제로마들렌 말차,삼립,기타,27300,estimated,,127,,15,2,12,95,29,g,"말티톨,D-말티톨","말티톨:0,D-말티톨:0",,60,https://s3.zerofinder.co.kr/public/products/original/0KWM3XJN0JR00.png,,https://zerofinder.co.kr/product/0KWM4FYB9ER00
Project H 제로마들렌 오렌지&코코넛,삼립,간식/디저트,16900,estimated,,125,,4,2,12.7,85,29,g,"말티톨,D-말티톨","말티톨:0,D-말티톨:0",,8,https://s3.zerofinder.co.kr/public/products/original/0KWM2D9SVC800.png,,https://zerofinder.co.kr/product/0KWM3JJF5G800
Project H 제로마들렌 초코,삼립,간식/디저트,14100,estimated,무당류,110,0,14,2,12.4,80,29,g,"말티톨,D-말티톨","말티톨:0,D-말티톨:0",,25,https://s3.zerofinder.co.kr/public/products/original/0KWM0HE6QER00.png,,https://zerofinder.co.kr/product/0PCNV3FYXGQZF
카페라떼 시럽 WITH 알룰로스,몽크슈,간식/디저트,50400,danawa,무당류,4,0,13.02,0,0,0,100,g,알룰로스,알룰로스:12.85,,25,https://s3.zerofinder.co.kr/public/products/original/0KWKYNK2X2R00.png,,https://zerofinder.co.kr/product/0PCNV3FYXFF3G
제로슈가 소불고기,푸드랩플러스,육가공품,17800,estimated,무당류,155,0,8,15,7,390,100,g,"에리스리톨,알룰로스","에리스리톨:0,알룰로스:0",,29,https://s3.zerofinder.co.kr/public/products/original/0KWKXPCP3TR00.png,,https://zerofinder.co.kr/product/0PCNV3FYWREJK
맥심 모카골드 제로슈거 커피,동서식품,유제품,12000,estimated,무당류,30,0,9,0,2,25,12,g,"에리스리톨,폴리글리시톨액","에리스리톨:4,폴리글리시톨액:0",,58,https://s3.zerofinder.co.kr/public/products/original/0KWKWDHWVER00.png,,https://zerofinder.co.kr/product/0PCNV3FYWEC1A
티즐 제로 자몽블랙티,웅진,음료,10500,danawa,무당류,0,0,1.08,0,0,5,100,mL,,,,58,https://s3.zerofinder.co.kr/public/products/original/0KWKVC0G12R00.png,,https://zerofinder.co.kr/product/0PCNV3FYW9V7R
제로콘누들 마라,킬로리,주식/면류,16600,estimated,무당류,285,0,71,7,1.9,1070,107,g,"에리스리톨,효소처리스테비아","에리스리톨:1,효소처리스테비아:0",,6,https://s3.zerofinder.co.kr/public/products/original/0KWKTE6MQJR00.png,,https://zerofinder.co.kr/product/0PCNV3FYW70WB
자연은 더 말린 제로 유자,웅진,음료,12100,danawa,무당류,0,0,1.96,0,0.06,5,100,g,"수크랄로스,아세설팜칼륨,에리스리톨","수크랄로스:0,아세설팜칼륨:0,에리스리톨:1.8",,8,https://s3.zerofinder.co.kr/public/products/original/0KWKSM8Y2PR00.png,,https://zerofinder.co.kr/product/0PCNV3FYTMPR1
제로스위트,델라페,음료,21900,danawa,무당류,4,0,0.8,0.2,0,12,100,g,"수크랄로스,아세설팜칼륨","수크랄로스:0,아세설팜칼륨:0",,27,https://s3.zerofinder.co.kr/public/products/original/0KWKR1DXTER00.png,,https://zerofinder.co.kr/product/0PCNV3FYXKQ1K
제로 바나나파운드,제로베이커리,간식/디저트,13600,estimated,저당류,304,5,27.67,6.67,20,543,100,g,,,,9,https://s3.zerofinder.co.kr/public/products/original/0KWKQC7QM2R00.png,,https://zerofinder.co.kr/product/0PCNV3FYYWP0C
비다 제로 스파클링 드링크 솔티 리치향,KIANJOOCANPACKSDN.BHD,음료,27800,estimated,무당류,0,0,0,0,0,166,325,mL,"에리스리톨,아세설팜칼륨,수크랄로스","에리스리톨:0,아세설팜칼륨:0,수크랄로스:0",,46,https://s3.zerofinder.co.kr/public/products/original/0KWKBQC68AR00.png,,https://zerofinder.co.kr/product/0PCNV3FZJ9XWK
양반 유자 제로, 동천수 상주공장,음료,14300,estimated,저당류,3,0.59,1.18,0,0,15,100,mL,"수크랄로스,아세설팜칼륨,알룰로스","수크랄로스:0,아세설팜칼륨:0,알룰로스:2",,6,https://s3.zerofinder.co.kr/public/products/original/0KWJ79P28JR00.png,,https://zerofinder.co.kr/product/0PCNV3FYZ166X
롯데시네마 제로팝콘,제이앤이 아산공장,간식/디저트,23700,estimated,무당류,456,0,80.03,4.45,13.08,312,100,g,D-말티톨,D-말티톨:0,,17,https://s3.zerofinder.co.kr/public/products/original/0KWJ6W5SWPR00.png,,https://zerofinder.co.kr/product/0PCNV3FZ0N0AS
제로쌀스콘 카카오,제로베이커리,간식/디저트,22200,estimated,저당류,433,1.67,56.67,6.67,26.67,350,100,g,,,,44,https://s3.zerofinder.co.kr/public/products/original/0KWJ65MD4YR00.png,,https://zerofinder.co.kr/product/0PCZ4B7GJZGT6
제로브라우니샌드,제로베이커리,간식/디저트,12600,estimated,저당류,395,2.5,30,7.75,36,370,100,g,에리스리톨,에리스리톨:0,,13,https://s3.zerofinder.co.kr/public/products/original/0KWJ5Q7ZW6R00.png,,https://zerofinder.co.kr/product/0PCNV3FYYDAEF
코카-콜라 제로 체리,코카콜라음료,음료,25270,danawa,무당류,0,0,0,0,0,6,100,mL,"수크랄로스,아세설팜칼륨","수크랄로스:0,아세설팜칼륨:0",,12,https://s3.zerofinder.co.kr/public/products/original/0KWJ4AT59YR00.png,,https://zerofinder.co.kr/product/0PCZ4B7GGFK98
코카-콜라 제로 레몬,코카콜라음료,음료,43400,danawa,무당류,0,0,0,0,0,6,100,mL,"수크랄로스,아세설팜칼륨","수크랄로스:0,아세설팜칼륨:0",,18,https://s3.zerofinder.co.kr/public/products/original/0KWJ2SK79ER00.png,,https://zerofinder.co.kr/product/0PCNV3FZ1AKT3
부르르 밀크소다 제로 망고파인애플,일화,음료,31070,danawa,무당류,3,0.4,1.36,0.2,0,4,100,mL,"수크랄로스,아세설팜칼륨,알룰로스","수크랄로스:0,아세설팜칼륨:0,알룰로스:2",,21,https://s3.zerofinder.co.kr/public/products/original/0KWJ2D08AAR00.png,,https://zerofinder.co.kr/product/0PCNV3FZF69GQ
부르르 제로사이다 자두,일화초정공장,음료,50650,danawa,무당류,0,0,0,0,0,3,100,mL,"수크랄로스,아세설팜칼륨,알룰로스","수크랄로스:0,아세설팜칼륨:0,알룰로스:1",,15,https://s3.zerofinder.co.kr/public/products/original/0KWJ1NABP6R00.png,,https://zerofinder.co.kr/product/0PCNV3FZ4F1PG
부르르 제로콜라 수박,일화초정공장,음료,15510,danawa,무당류,1,0,0.14,0,0,2,100,mL,"수크랄로스,아세설팜칼륨,알룰로스","수크랄로스:0,아세설팜칼륨:0,알룰로스:0",,52,https://s3.zerofinder.co.kr/public/products/original/0KWJ16MK8ER00.png,,https://zerofinder.co.kr/product/0PCNV3FZ31RN4
부르르 제로콜라 체리,일화초정공장,음료,34060,danawa,,50,13,13,0,0,5,100,g,"수크랄로스,아세설팜칼륨,알룰로스","수크랄로스:0,아세설팜칼륨:0,알룰로스:0",,54,https://s3.zerofinder.co.kr/public/products/original/0KWHZDPFT2R00.png,,https://zerofinder.co.kr/product/0PCNV3FZ10V26
제로 쿠키 티라미수콘,롯데웰푸드  천안공장,간식/디저트,21900,estimated,무당류,123,0,20.63,2,6.25,81,100,mL,"수크랄로스,말티톨,D-말티톨","수크랄로스:0,말티톨:0,D-말티톨:0",,24,https://s3.zerofinder.co.kr/public/products/original/0KWHYNJQTJR00.png,,https://zerofinder.co.kr/product/0PCNV3FZ1638G
부르르 제로콜라 레몬,일화초정공장,음료,50650,danawa,무당류,0,0,0.11,0,0,10,100,g,"수크랄로스,아세설팜칼륨,알룰로스","수크랄로스:0,아세설팜칼륨:0,알룰로스:0",,6,https://s3.zerofinder.co.kr/public/products/original/0KWHY7MD9YR00.png,,https://zerofinder.co.kr/product/0PCNV3FZ0TS1Y
양반 매실 제로, 동천수 상주공장,음료,30500,estimated,저당류,3,0.59,1.18,0,0,12,100,mL,"수크랄로스,아세설팜칼륨,알룰로스","수크랄로스:0,아세설팜칼륨:0,알룰로스:0",,41,https://s3.zerofinder.co.kr/public/products/original/0KWHWJY3PTR00.png,,https://zerofinder.co.kr/product/0PCNV3FYZH0J2
자연은 알로에 제로,웅진식품,음료,10020,danawa,무당류,1,0.4,1.84,0,0,9,100,g,"수크랄로스,아세설팜칼륨,에리스리톨","수크랄로스:0,아세설팜칼륨:0,에리스리톨:7.5",,29,https://s3.zerofinder.co.kr/public/products/original/0KWHT7ZCEJR00.png,,https://zerofinder.co.kr/product/0PCNV3FZ06Y0M
제로 브라우니,제로베이커리,간식/디저트,48500,danawa,저당류,365,1.82,34.55,9.09,30.91,451,100,g,에리스리톨,에리스리톨:0,,50,https://s3.zerofinder.co.kr/public/products/original/0KWHSJYBJER00.png,,https://zerofinder.co.kr/product/0PCNV3FYYETG1
피크닉 청포도 제로,매일유업,음료,17010,danawa,,3,0.5,3.5,0,0,25,,,"수크랄로스,아세설팜칼륨,에리스리톨,효소처리스테비아","수크랄로스:0,아세설팜칼륨:0,에리스리톨:5.4,효소처리스테비아:0",,42,https://s3.zerofinder.co.kr/public/products/original/0KWHQN68PPR00.png,,https://zerofinder.co.kr/product/0PCNV3FZ3VSH7
피크닉 사과 제로,매일유업,음료,17010,danawa,,3,0.5,3.5,0,0,25,,,"수크랄로스,아세설팜칼륨,에리스리톨,효소처리스테비아","수크랄로스:0,아세설팜칼륨:0,에리스리톨:0,효소처리스테비아:0",,45,https://s3.zerofinder.co.kr/public/products/original/0KWHQ0YP3ER00.png,,https://zerofinder.co.kr/product/0PCNV3FYYVZ8P
제로마일드초콜릿,롯데,간식/디저트,24370,danawa,무당류,510,0,50,7,38,30,100,g,D-말티톨,D-말티톨:0,,49,https://s3.zerofinder.co.kr/public/products/original/0KWHPMVEV6R00.png,,https://zerofinder.co.kr/product/0PCNV3FYXMATZ
참치듬뿍 제로쌈장,농업회사법인이삭뜰,조미료/소스,17200,estimated,저당류,187,2.43,25.87,12.13,3.85,1715,100,g,알룰로스,알룰로스:23,,59,https://s3.zerofinder.co.kr/public/products/original/0KWHNR5CRTR00.png,,https://zerofinder.co.kr/product/0PCNV3FZ06S2H
코카콜라 제로 한류,코카콜라음료,음료,26100,estimated,무당류,0,0,0,0,0,6,100,g,"수크랄로스,아세설팜칼륨","수크랄로스:0,아세설팜칼륨:0",,56,https://s3.zerofinder.co.kr/public/products/original/0KWHN8JWXJR00.png,,https://zerofinder.co.kr/product/0PCNV3FZ277WN
아샷추 복숭아제로,오늘좋은,음료,15800,estimated,무당류,5,0,0.94,0.16,0,14,100,mL,"수크랄로스,아세설팜칼륨","수크랄로스:0,아세설팜칼륨:0",,41,https://s3.zerofinder.co.kr/public/products/original/0KWBDS54CT000.png,,https://zerofinder.co.kr/product/0PCNV3FYYAWC2
제로 에이드 수박,이디야,음료,20680,danawa,무당류,0,0,4.4,0,0,9,100,mL,"수크랄로스,에리스리톨","수크랄로스:0,에리스리톨:4.4",,27,https://s3.zerofinder.co.kr/public/products/original/0KWBATFJEA000.png,,https://zerofinder.co.kr/product/0PCNV3FYYTPYT
에버데이 제로,일화,음료,19440,danawa,무당류,1,0,0.25,0.04,0.01,31,100,g,"수크랄로스,아세설팜칼륨,알룰로스,D-소비톨액,아라비아검","수크랄로스:0,아세설팜칼륨:0,알룰로스:0,D-소비톨액:0,아라비아검:0",,47,https://s3.zerofinder.co.kr/public/products/original/0KWBA3BSA2000.png,,https://zerofinder.co.kr/product/0PCNV3FYXJPWR
하이볼향시럽제로 핑크자몽,오늘의일상,간식/디저트,15600,estimated,무당류,10,0,2.33,0,0,0,100,g,"에리스리톨,알룰로스,효소처리스테비아","에리스리톨:3,알룰로스:5.53,효소처리스테비아:0",,37,https://s3.zerofinder.co.kr/public/products/original/0KWB8T6YVE000.png,,https://zerofinder.co.kr/product/0PCNV3FZHPM3S
제로스콘 단호박,제로베이커리,간식/디저트,19500,estimated,저당류,393,1.67,21.67,11.67,30,383,100,g,알룰로스,알룰로스:6.67,,5,https://s3.zerofinder.co.kr/public/products/original/0KWB7GBC8E000.png,,https://zerofinder.co.kr/product/0PCNV3FYY6X7V
쿨피스 제로 파인애플,동원,음료,19900,danawa,무당류,4,0,1.3,0,0,48,100,mL,"수크랄로스,아세설팜칼륨,알룰로스,D-소비톨액,아라비아검","수크랄로스:0,아세설팜칼륨:0,알룰로스:0.35,D-소비톨액:0,아라비아검:0",,57,https://s3.zerofinder.co.kr/public/products/original/0KWAY7PCKA000.png,,https://zerofinder.co.kr/product/0PCNV3FZ32PCY
제로 에이드 레몬,동원,음료,23584,danawa,무당류,0,0,1,0,0.12,21,100,mL,"수크랄로스,알룰로스,D-소비톨액,아라비아검","수크랄로스:0,알룰로스:0.4,D-소비톨액:0,아라비아검:0",,32,https://s3.zerofinder.co.kr/public/products/original/0KWAXQT87J000.png,,https://zerofinder.co.kr/product/0PCNV3FYY1PP8
알로에베라킹 제로,오케이에프음료 ,음료,31100,estimated,무당류,1,0,1.8,0,0,6,100,mL,수크랄로스,수크랄로스:0,,45,https://s3.zerofinder.co.kr/public/products/original/0KWAX1M7FY000.png,,https://zerofinder.co.kr/product/0PCNV3FYY6GCG
슈가로로 미니 코코제로 요구르트,희창,음료,29900,estimated,무당류,15,0,3.7,0.05,0.05,12,100,mL,"수크랄로스,아세설팜칼륨,에리스리톨,D-소비톨액,아라비아검","수크랄로스:0,아세설팜칼륨:0,에리스리톨:3.44,D-소비톨액:0,아라비아검:0",,34,https://s3.zerofinder.co.kr/public/products/original/0KWAWVWGRT000.png,,https://zerofinder.co.kr/product/0PCNV3FZEV30X
실론티복숭아제로,롯데칠성음료,음료,26500,estimated,무당류,1,0,1.24,0,0,1,100,g,"수크랄로스,아세설팜칼륨,알룰로스","수크랄로스:0,아세설팜칼륨:0,알룰로스:1.4",,32,https://s3.zerofinder.co.kr/public/products/original/0KWAW0GR7J000.png,,https://zerofinder.co.kr/product/0PCNV3FYXZM89
포도봉봉 제로,해태,음료,22770,danawa,무당류,1,0,0.21,0,0,21,100,mL,"수크랄로스,아세설팜칼륨,알룰로스","수크랄로스:0,아세설팜칼륨:0,알룰로스:0.82",,38,https://s3.zerofinder.co.kr/public/products/original/0KWAVQGDZP000.png,,https://zerofinder.co.kr/product/0PCNV3FYXX8WT
가나디 레몬녹차제로,삼양패키징 광혜원,음료,31200,estimated,무당류,0,0,1.02,0.01,0.01,8,100,mL,"수크랄로스,아세설팜칼륨,에리스리톨","수크랄로스:0,아세설팜칼륨:0,에리스리톨:1",,22,https://s3.zerofinder.co.kr/public/products/original/0KWAVBQ662000.png,,https://zerofinder.co.kr/product/0PCNV3FZ0WXBS
청귤 그린티 제로,할리스,음료,63500,danawa,,0,11.8,0,0,0,1.15,100,mL,"수크랄로스,D-소비톨액,아라비아검","수크랄로스:0,D-소비톨액:0,아라비아검:0",,39,https://s3.zerofinder.co.kr/public/products/original/0KWATBGD5E000.png,,https://zerofinder.co.kr/product/0PCNV3FZ5RHNZ
제로 쿠앤크 샌드,롯데,간식/디저트,17500,danawa,무당류,464,0,67.71,4.17,25,406,100,g,"수크랄로스,아세설팜칼륨,D-말티톨","수크랄로스:0,아세설팜칼륨:0,D-말티톨:15",,34,https://s3.zerofinder.co.kr/public/products/original/0KWAS2DK8E000.png,,https://zerofinder.co.kr/product/0PCNV3FYXRJEZ
제로톡젤리딸기맛,건영제과,간식/디저트,16500,estimated,무당류,10,0,2.5,0,0,38,100,g,"수크랄로스,아세설팜칼륨,효소처리스테비아","수크랄로스:0,아세설팜칼륨:0,효소처리스테비아:0",,51,https://s3.zerofinder.co.kr/public/products/original/0KWARCY7D2000.png,,https://zerofinder.co.kr/product/0PCNV3FYX6YRG
제로후르츠젤리,롯데,간식/디저트,30610,danawa,무당류,338,0.03,77.3,6.61,0.23,20,100,g,"수크랄로스,아세설팜칼륨,말티톨","수크랄로스:0,아세설팜칼륨:0,말티톨:57.69",,25,https://s3.zerofinder.co.kr/public/products/original/0KWAQWEF22000.png,,https://zerofinder.co.kr/product/0PCNV3FYXJJR5
야쿠르트 1971 제로,한국야쿠르트,음료,36300,danawa,무당류,1,0,5.26,0,0,24,100,mL,"수크랄로스,아세설팜칼륨,에리스리톨","수크랄로스:0,아세설팜칼륨:0,에리스리톨:5.1",,58,https://s3.zerofinder.co.kr/public/products/original/0KWAQBABS2000.png,,https://zerofinder.co.kr/product/0PCNV3FYXGW6R
발왕산막걸리제로,일화,음료,30600,estimated,,37,8.57,9.14,0.14,0,4,100,mL,,,,22,https://s3.zerofinder.co.kr/public/products/original/0KWAQ0PACE000.png,,https://zerofinder.co.kr/product/0PCNV3FYX94SS
유자몽 블랙티 제로,할리스,음료,9010,danawa,무당류,1,0,1.29,0.05,0.01,4,100,mL,"수크랄로스,아세설팜칼륨,에리스리톨","수크랄로스:0,아세설팜칼륨:0,에리스리톨:1.2",,20,https://s3.zerofinder.co.kr/public/products/original/0KWAP27TKY000.png,,https://zerofinder.co.kr/product/0PCNV3FZBS337
제로설탕 카페시럽,희창,음료,27300,estimated,무당류,0,0,21,0,0,5,100,g,"수크랄로스,아세설팜칼륨,에리스리톨,효소처리스테비아","수크랄로스:0,아세설팜칼륨:0,에리스리톨:21,효소처리스테비아:0",,41,https://s3.zerofinder.co.kr/public/products/original/0KWAMSYDSJ000.png,,https://zerofinder.co.kr/product/0PCNV3FYX1PJJ
오렌지향 제로탄산,썬키스트,음료,24700,estimated,무당류,7,0,3.6,0,0,0,100,mL,"수크랄로스,아세설팜칼륨,알룰로스,D-소비톨액,아라비아검","수크랄로스:0,아세설팜칼륨:0,알룰로스:2.25,D-소비톨액:0,아라비아검:0",,29,https://s3.zerofinder.co.kr/public/products/original/0KWAKXC6C2000.png,,https://zerofinder.co.kr/product/0PCNV3FYXCCMT
제로젤리 사워베어,마이노멀,간식/디저트,15200,estimated,무당류,124,0,80.95,7.14,0,57,100,g,"에리스리톨,알룰로스,효소처리스테비아","에리스리톨:0,알룰로스:0,효소처리스테비아:0",,36,https://s3.zerofinder.co.kr/public/products/original/0KWAJ4ADBP000.png,,https://zerofinder.co.kr/product/0PCNV3FYXDYP5
쿨피스 제로 복숭아,동원,음료,23900,danawa,무당류,2,0,0.87,0,0,48,100,mL,"수크랄로스,아세설팜칼륨,알룰로스,D-소비톨액,아라비아검","수크랄로스:0,아세설팜칼륨:0,알룰로스:0.8,D-소비톨액:0,아라비아검:0",,16,https://s3.zerofinder.co.kr/public/products/original/0KW6CFYM5AG00.png,,https://zerofinder.co.kr/product/0PCNV3FZ0PDNP
삼육두유 제로슈거,삼육식품,유제품,14500,estimated,무당류,42,0.47,2.63,2.11,3.16,89,100,g,"알룰로스,효소처리스테비아,아라비아검","알룰로스:2.5,효소처리스테비아:0,아라비아검:0",,27,https://s3.zerofinder.co.kr/public/products/original/0KW6C1WBFEG00.png,,https://zerofinder.co.kr/product/0PCNV3FYZF5QF
탐스제로레몬향,롯데칠성음료,음료,28100,estimated,무당류,2,0,2.5,0,0,15,100,mL,"수크랄로스,아세설팜칼륨,에리스리톨,알룰로스,D-소비톨액,아라비아검","수크랄로스:0,아세설팜칼륨:0,에리스리톨:1,알룰로스:6,D-소비톨액:0,아라비아검:0",,26,https://s3.zerofinder.co.kr/public/products/original/0KW6B940JAG00.png,,https://zerofinder.co.kr/product/0PCNV3FYYVQ43
쿨피스 제로 자두,동원,음료,19900,danawa,무당류,2,0,0.87,0,0,35,100,mL,"수크랄로스,아세설팜칼륨,알룰로스,D-소비톨액,아라비아검","수크랄로스:0,아세설팜칼륨:0,알룰로스:0.8,D-소비톨액:0,아라비아검:0",,43,https://s3.zerofinder.co.kr/public/products/original/0KW6AJX4MPG00.png,,https://zerofinder.co.kr/product/0PCNV3FYZGFG7
탐스제로사과키위향,롯데칠성음료,음료,26400,estimated,무당류,2,0,2,0,0,7,100,mL,"수크랄로스,아세설팜칼륨,알룰로스,D-소비톨액,아라비아검","수크랄로스:0,아세설팜칼륨:0,알룰로스:0,D-소비톨액:0,아라비아검:0",,22,https://s3.zerofinder.co.kr/public/products/original/0KW5X7SMDPG00.png,,https://zerofinder.co.kr/product/0PCNV3FZ06ZD7
닥터 페퍼 제로, 동천수 상주공장,음료,23700,estimated,무당류,0,0,0,0,0,12,100,mL,"수크랄로스,아세설팜칼륨","수크랄로스:0,아세설팜칼륨:0",,38,https://s3.zerofinder.co.kr/public/products/original/0KW5W93VYTG00.png,,https://zerofinder.co.kr/product/0PCNV3FYYDJJX
아르기닌 제로 6000,네이처텍,음료,30900,estimated,무당류,225,0,15,35,4.5,0,100,g,"수크랄로스,효소처리스테비아","수크랄로스:0,효소처리스테비아:0",,10,https://s3.zerofinder.co.kr/public/products/original/0KW5W311B6G00.png,,https://zerofinder.co.kr/product/0PCNV3FYYS9MH
환타 제로 포도향, 동천수 상주공장,음료,18000,estimated,무당류,0,0,0,0,0,7,100,mL,"수크랄로스,아세설팜칼륨","수크랄로스:0,아세설팜칼륨:0",,31,https://s3.zerofinder.co.kr/public/products/original/0KW5V69B52G00.png,,https://zerofinder.co.kr/product/0PCNV3FYWNE5Z
메가비타3000 제로,보고신약 논산공장,음료,22500,estimated,무당류,4,0,1,0,0,240,100,mL,"효소처리스테비아,아라비아검","효소처리스테비아:0,아라비아검:0",,53,https://s3.zerofinder.co.kr/public/products/original/0KW1EAY3F6G00.png,,https://zerofinder.co.kr/product/0PCNV3FYXHEQ9
탐사제로사이다,오케이에프음료,음료,18000,estimated,무당류,0,0,0,0,0,2,100,mL,"수크랄로스,아세설팜칼륨","수크랄로스:0,아세설팜칼륨:0",,35,https://s3.zerofinder.co.kr/public/products/original/0KW1DWNKQYG00.png,,https://zerofinder.co.kr/product/0PCNV3FYZE953
제로청포도탄산,오케이에프음료 ,음료,25400,estimated,무당류,0,0,1.6,0,0,1,100,mL,"아스파탐,수크랄로스,아세설팜칼륨","아스파탐:0,수크랄로스:0,아세설팜칼륨:0",,36,https://s3.zerofinder.co.kr/public/products/original/0KW1DB2D12W00.png,,https://zerofinder.co.kr/product/0PCNV3FYX2HBA
제로슈가 알룰로스, 비에스바이오,간식/디저트,16700,estimated,무당류,0,0,18.4,0,0,0,100,g,알룰로스,알룰로스:0,,6,https://s3.zerofinder.co.kr/public/products/original/0KW1BV30GTW00.png,,https://zerofinder.co.kr/product/0PCNV3FYX548D
제로블랙티 복숭아,퓨어플러스,음료,15300,estimated,무당류,1,0,0.2,0,0,7,100,mL,"수크랄로스,효소처리스테비아","수크랄로스:0,효소처리스테비아:0",,19,https://s3.zerofinder.co.kr/public/products/original/0KW1B3PNPAW00.png,,https://zerofinder.co.kr/product/0PCNV3FYWYQ00
부르르제로콜라,일화,음료,34450,danawa,무당류,0,0,0,0,0,0,100,mL,"수크랄로스,아세설팜칼륨","수크랄로스:0,아세설팜칼륨:0",,20,https://s3.zerofinder.co.kr/public/products/original/0KW1AKES6YW00.png,,https://zerofinder.co.kr/product/0PCNV3FYWW6K9
제로앙버터스콘,제로베이커리,간식/디저트,14700,estimated,저당류,461,2.35,29.41,10.59,40,222,100,g,에리스리톨,에리스리톨:11.76,,42,https://s3.zerofinder.co.kr/public/products/original/0KW1A904SAW00.png,,https://zerofinder.co.kr/product/0PCNV3FYX93CZ
양반 오미자 제로, 동천수 상주공장,음료,20300,estimated,저당류,3,0.77,0.88,0,0,7,100,mL,"수크랄로스,아세설팜칼륨,알룰로스","수크랄로스:0,아세설팜칼륨:0,알룰로스:0.11",,40,https://s3.zerofinder.co.kr/public/products/original/0KW19GXZ0TW00.png,,https://zerofinder.co.kr/product/0PCNV3FYWTV7F
제로 카카오파운드,제로베이커리,간식/디저트,17900,estimated,,297,8.33,23.33,6.67,22.67,333,100,g,,,,32,https://s3.zerofinder.co.kr/public/products/original/0KW18X2T1TW00.png,,https://zerofinder.co.kr/product/0PCNV3FYWT5AW
초정 토닉워터 제로,일화초정공장,음료,31800,estimated,무당류,2,0,0.4,0,0,8,100,mL,"수크랄로스,아세설팜칼륨","수크랄로스:0,아세설팜칼륨:0",,40,https://s3.zerofinder.co.kr/public/products/original/0KW18K2PWAW00.png,,https://zerofinder.co.kr/product/0PCNV3FYX2YYJ
제로블랙티 레몬맛,퓨어플러스,음료,19600,estimated,무당류,1,0,0.2,0,0,8,100,mL,"수크랄로스,효소처리스테비아","수크랄로스:0,효소처리스테비아:0",,49,https://s3.zerofinder.co.kr/public/products/original/0KW17JNEBYW00.png,,https://zerofinder.co.kr/product/0PCNV3FYWS02E
제로젤리 제로베어,마이노멀,간식/디저트,16800,estimated,무당류,118,0,78.95,7.89,0,0,100,g,"알룰로스,효소처리스테비아","알룰로스:39.47,효소처리스테비아:0",,24,https://s3.zerofinder.co.kr/public/products/original/0KW167WQ3PW00.png,,https://zerofinder.co.kr/product/0PCNV3FYWRY8P
제로 슈거 말차,대상다이브스 이천공장,음료,18200,estimated,무당류,45,0,96,3,0.6,5,100,g,"수크랄로스,아세설팜칼륨,에리스리톨","수크랄로스:0,아세설팜칼륨:0,에리스리톨:89.29",,12,https://s3.zerofinder.co.kr/public/products/original/0KW14N34M6W00.png,,https://zerofinder.co.kr/product/0PCNV3FYWQHJS
포도 제로바,라라스윗,간식/디저트,20500,estimated,무당류,0,0,9,0,0,20,70,mL,"수크랄로스,아세설팜칼륨,에리스리톨,알룰로스,효소처리스테비아","수크랄로스:0,아세설팜칼륨:0,에리스리톨:1,알룰로스:8,효소처리스테비아:0",,25,https://s3.zerofinder.co.kr/public/products/original/0KW0P9TSYYW00.png,,https://zerofinder.co.kr/product/0PCNV3FZ0FXNF
제로칩 어니언,마이노멀,간식/디저트,12100,estimated,저당류,285,1,36,4,14,350,55,g,,,,39,https://s3.zerofinder.co.kr/public/products/original/0KW0N2PSFEW00.png,,https://zerofinder.co.kr/product/0PCNV3FZ5A1MD
제로칩 솔티,마이노멀,간식/디저트,23800,estimated,무당류,285,0,36,4,14,500,55,g,,,,49,https://s3.zerofinder.co.kr/public/products/original/0KW0MMK1H6W00.png,,https://zerofinder.co.kr/product/0PCNV3FZ3AJZ9
자두 제로바,라라스윗,간식/디저트,13000,estimated,무당류,0,0,9,0,0,20,70,mL,"알룰로스,에리스리톨,수크랄로스,아세설팜칼륨,효소처리스테비아","알룰로스:8,에리스리톨:1,수크랄로스:0,아세설팜칼륨:0,효소처리스테비아:0",,18,https://s3.zerofinder.co.kr/public/products/original/0KW0KF9Z06W00.png,,https://zerofinder.co.kr/product/0PCNV3FZ2XM6S
오렌지 제로바,라라스윗,간식/디저트,20800,estimated,무당류,0,0,9,0,0,20,79,mL,"알룰로스,에리스리톨,수크랄로스,소르비톨,효소처리스테비아","알룰로스:8,에리스리톨:1,수크랄로스:0,소르비톨:0,효소처리스테비아:0",,22,https://s3.zerofinder.co.kr/public/products/original/0KW0JQCNFYW00.png,,https://zerofinder.co.kr/product/0PCNV3FZ7YGXB
아몬드스윗 제로슈거,라라스윗,음료,26800,estimated,무당류,30,0,7,1,2.3,100,100,mL,"에리스리톨,효소처리스테비아","에리스리톨:6,효소처리스테비아:0",,53,https://s3.zerofinder.co.kr/public/products/original/0KW0J9Y8STW00.png,,https://zerofinder.co.kr/product/0PCNV3FZAVH8Q
비락식혜 제로,팔도,음료,38500,danawa,무당류,2,0,4.2,0,0,2,100,mL,"수크랄로스,아세설팜칼륨,에리스리톨","수크랄로스:0,아세설팜칼륨:0,에리스리톨:9",,23,https://s3.zerofinder.co.kr/public/products/original/0KW0H52GMPW00.png,,https://zerofinder.co.kr/product/0PCNV3FYY541H
제로 초코파이,롯데웰푸드,간식/디저트,7500,danawa,무당류,393,0,60.71,4.64,21.43,232,100,g,"수크랄로스,D-말티톨,아라비아검","수크랄로스:0,D-말티톨:0,아라비아검:0",,58,https://s3.zerofinder.co.kr/public/products/original/0KW07H79HV800.png,,https://zerofinder.co.kr/product/0PCNV3FYWF71Q
제로베이스 청포도,베버시티,음료,17100,estimated,저당류,9,2,55,0,0,20,100,g,"수크랄로스,알룰로스","수크랄로스:0,알룰로스:0",,19,https://s3.zerofinder.co.kr/public/products/original/0KW076V58Q800.png,,https://zerofinder.co.kr/product/0PCNV3FYWE24P
제로 브라우니샌드,제로베이커리,간식/디저트,15500,estimated,저당류,395,2.5,30,7.75,36,370,100,g,에리스리톨,에리스리톨:17.5,,24,https://s3.zerofinder.co.kr/public/products/original/0KW06E0D5B800.png,,https://zerofinder.co.kr/product/0PCNV3FYWDCDA
진로 토닉워터 제로,건강한사람들  2사업장,음료,13900,estimated,저당류,3.47,0.87,3.23,0,0,23.3,100,mL,"수크랄로스,아세설팜칼륨,알룰로스,효소처리스테비아,사카린나트륨","수크랄로스:0,아세설팜칼륨:0,알룰로스:2.37,효소처리스테비아:0,사카린나트륨:0",,39,https://s3.zerofinder.co.kr/public/products/original/0KW064RVEK800.png,,https://zerofinder.co.kr/product/0PCNV3FYW99GZ
갈배사이다 제로,오케이에프음료,음료,15900,estimated,무당류,0,0,0,0,0,16,100,mL,"수크랄로스,아세설팜칼륨","수크랄로스:0,아세설팜칼륨:0",,7,https://s3.zerofinder.co.kr/public/products/original/0KW04ZV9JK800.png,,https://zerofinder.co.kr/product/0PCNV3FYWD0KG
일하기 시럽 제로슈가 카페시럽,그린에프엠,간식/디저트,24100,estimated,무당류,150,0,61,0,0,0,100,g,"수크랄로스,말티톨,알룰로스","수크랄로스:0,말티톨:0,알룰로스:0",,40,https://s3.zerofinder.co.kr/public/products/original/0KW03XARKF800.png,,https://zerofinder.co.kr/product/0PCNV3FYW8BEY
제로딸기탄산,오케이에프음료 ,음료,18900,estimated,무당류,0,0,1.6,0,0,1,100,mL,"아스파탐,수크랄로스,아세설팜칼륨,에리스리톨","아스파탐:0,수크랄로스:0,아세설팜칼륨:0,에리스리톨:0",,13,https://s3.zerofinder.co.kr/public/products/original/0KVZZRNFKF800.png,,https://zerofinder.co.kr/product/0PCNV3FYVYE9N
환타 제로 오렌지, 동천수 상주공장,음료,25200,estimated,무당류,0,0,0,0,0,3,100,mL,"수크랄로스,아세설팜칼륨","수크랄로스:0,아세설팜칼륨:0",,53,https://s3.zerofinder.co.kr/public/products/original/0KVZN48W7Z800.png,,https://zerofinder.co.kr/product/0PCNV3FYX24RJ
탱크보이 배 제로,해태아이스크림,간식/디저트,17300,estimated,무당류,0,0,11.67,0,0,62,100,mL,"수크랄로스,아세설팜칼륨,에리스리톨,알룰로스","수크랄로스:0,아세설팜칼륨:0,에리스리톨:5,알룰로스:9",,60,https://s3.zerofinder.co.kr/public/products/original/0KVZKZBHVQ800.png,,https://zerofinder.co.kr/product/0PCNV3FYY070E
탐스제로오렌지향,롯데칠성음료,음료,13800,estimated,무당류,2,0,2.5,0,0,15,100,mL,"수크랄로스,아세설팜칼륨,에리스리톨,알룰로스","수크랄로스:0,아세설팜칼륨:0,에리스리톨:1,알룰로스:6",,23,https://s3.zerofinder.co.kr/public/products/original/0KVZK95H33800.png,,https://zerofinder.co.kr/product/0PCNV3FYWWSMX
코카·콜라제로,코카콜라음료,음료,22200,estimated,무당류,0,0,0,0,0,6,100,mL,,,,33,https://s3.zerofinder.co.kr/public/products/original/0KVZK0F1CQ800.png,,https://zerofinder.co.kr/product/0PCNV3FYWEQWY
아침햇살 제로슈가,웅진,음료,19800,estimated,무당류,27,0.36,6.12,0.14,1.18,12,100,mL,"에리스리톨,수크랄로스","에리스리톨:2,수크랄로스:0",,8,https://s3.zerofinder.co.kr/public/products/original/0KVZJ19PBZ800.png,,https://zerofinder.co.kr/product/0PCNV3FYX8WFV
쥬시쿨 제로 자두,빙그레,음료,17200,danawa,무당류,4,0,2,0,0,55,100,mL,"수크랄로스,에리스리톨,효소처리스테비아","수크랄로스:0,에리스리톨:10.65,효소처리스테비아:0",,60,https://s3.zerofinder.co.kr/public/products/original/0KVZG9Z8TZ800.png,,https://zerofinder.co.kr/product/0PCNV3FYWDPRS
하이트제로0.00,하이트진로,음료,22300,estimated,저당류,17,2.25,3.94,0.2,0,10,100,mL,,,,57,https://s3.zerofinder.co.kr/public/products/original/0KVZFNT9PZ800.png,,https://zerofinder.co.kr/product/0PCNV3FYWCZHN
실론티레몬제로,롯데,음료,21490,real,무당류,2,0.02,1.67,0.05,0.03,2,100,mL,"수크랄로스,아세설팜칼륨,알룰로스","수크랄로스:0,아세설팜칼륨:0,알룰로스:7",,9,https://s3.zerofinder.co.kr/public/products/original/0KVZDF0P97800.png,,https://zerofinder.co.kr/product/0PCNV3FYW2D20
핫식스제로,롯데칠성음료,음료,20900,estimated,무당류,2,0.04,5.71,0.09,0,26,100,mL,"수크랄로스,아세설팜칼륨,에리스리톨,알룰로스","수크랄로스:0,아세설팜칼륨:0,에리스리톨:7.6,알룰로스:5.4",,9,https://s3.zerofinder.co.kr/public/products/original/0KVZCNJ103800.png,,https://zerofinder.co.kr/product/0PCNV3FYVWQ7R
솔의눈제로,롯데칠성음료,음료,24100,estimated,무당류,3,0.05,1.41,0,0,11,100,mL,"수크랄로스,아세설팜칼륨,알룰로스","수크랄로스:0,아세설팜칼륨:0,알룰로스:0.5",,48,https://s3.zerofinder.co.kr/public/products/original/0KVYK7MPK7800.png,,https://zerofinder.co.kr/product/0PCNV3FYVNBD9
제로스콘,제로베이커리,간식/디저트,11200,estimated,저당류,400,1.82,23.64,12.73,32.73,342,100,g,에리스리톨,에리스리톨:7.27,,14,https://s3.zerofinder.co.kr/public/products/original/0KVYJNNAQ3800.png,,https://zerofinder.co.kr/product/0PCNV3FYVNVFF
카스 올 제로,오비맥주광주공장,음료,28400,estimated,무당류,0,0,0,0,0,6,100,mL,효소처리스테비아,효소처리스테비아:0,,24,https://s3.zerofinder.co.kr/public/products/original/0KVYHSB97Z800.png,,https://zerofinder.co.kr/product/0PCNV3FYV2P0K
HOT6 더킹제로,롯데칠성음료,음료,15200,estimated,무당류,3,0,2.49,0.07,0,35,100,mL,"수크랄로스,아세설팜칼륨,에리스리톨,D-소비톨액","수크랄로스:0,아세설팜칼륨:0,에리스리톨:1.69,D-소비톨액:0",,20,https://s3.zerofinder.co.kr/public/products/original/0KVYGNDAPV800.png,,https://zerofinder.co.kr/product/0PCNV3FYTP0BT
제로떡볶이,아이케이푸드,간식/디저트,12100,estimated,저당류,142,1.09,27.32,4.92,1.26,1044,100,g,"수크랄로스,알룰로스","수크랄로스:0,알룰로스:10",,53,https://s3.zerofinder.co.kr/public/products/original/0KVX8530B3800.png,,https://zerofinder.co.kr/product/0PCNV3FYTMH3V
제로클럽젤리,에스디푸드,간식/디저트,16300,estimated,,321,55.74,73.77,6.56,0,33,100,g,,,,43,https://s3.zerofinder.co.kr/public/products/original/0KVX73PZ23800.png,,https://zerofinder.co.kr/product/0PCNV3FYTKEFC
제로 스콘,제로베이커리,간식/디저트,114610,danawa,저당류,400,1.82,23.64,12.73,32.73,342,100,g,에리스리톨,에리스리톨:2.2,,19,https://s3.zerofinder.co.kr/public/products/original/0KVVXW4D87800.png,,https://zerofinder.co.kr/product/0PCNV3FYTJE14
샤인제로핏,부산경남우유협동조합,음료,27700,estimated,무당류,1,0,3,0,0,10,100,mL,"수크랄로스,아세설팜칼륨,에리스리톨,효소처리스테비아","수크랄로스:0,아세설팜칼륨:0,에리스리톨:2.67,효소처리스테비아:0",,29,https://s3.zerofinder.co.kr/public/products/original/0KVVWCMTHV800.png,,https://zerofinder.co.kr/product/0PCNV3FYT7HJX
제로 연양갱,삼성식품,간식/디저트,29390,danawa,무당류,190,0,66,2,0,10,100,g,"수크랄로스,아세설팜칼륨,말티톨","수크랄로스:0,아세설팜칼륨:0,말티톨:0",,33,https://s3.zerofinder.co.kr/public/products/original/0KVV9J5QW3800.png,,https://zerofinder.co.kr/product/0PCNV3FYSYMNZ
815콜라제로,일화,음료,21680,danawa,무당류,0,0,0,0,0,2,100,mL,"수크랄로스,아세설팜칼륨","수크랄로스:0,아세설팜칼륨:0",,42,https://s3.zerofinder.co.kr/public/products/original/0KVV0DX5PB800.png,,https://zerofinder.co.kr/product/0PCNV3FYSXVBT
스폰서 제로,"T.C.PHARMACEUTICALINDUSTRIESCO.,LTD",음료,31600,estimated,무당류,64,0,16,0,0,380,100,mL,"수크랄로스,아세설팜칼륨","수크랄로스:0,아세설팜칼륨:0",,24,https://s3.zerofinder.co.kr/public/products/original/0KVTZQKP03800.png,,https://zerofinder.co.kr/product/0PCNV3FYSPGG3
자두녹차제로, 퓨럽2공장,음료,24000,estimated,무당류,0,0,2.6,0,0,4,100,mL,"수크랄로스,아세설팜칼륨,에리스리톨","수크랄로스:0,아세설팜칼륨:0,에리스리톨:2.4",,8,https://s3.zerofinder.co.kr/public/products/original/0KVTZ62JPZ800.png,,https://zerofinder.co.kr/product/0PCNV3FYRPAQH
제로티라미수, 케익드라마,간식/디저트,19000,estimated,무당류,270,0,35,5,17,70,100,g,"에리스리톨,D-소비톨액,D-말티톨","에리스리톨:0,D-소비톨액:0,D-말티톨:0",,52,https://s3.zerofinder.co.kr/public/products/original/0KVTYJP73B800.png,,https://zerofinder.co.kr/product/0PCNV3FYRNNJY
제로쫄면,아이케이푸드,주식/면류,16900,estimated,,251,8.65,42.58,7.11,5.82,589,100,g,"수크랄로스,알룰로스","수크랄로스:0,알룰로스:4.4",,53,https://s3.zerofinder.co.kr/public/products/original/0KVTWYBCTV800.png,,https://zerofinder.co.kr/product/0PCNV3FYRG3XW
코카콜라제로,코카콜라음료,음료,17400,estimated,무당류,0,0,0,0,0,6,100,mL,"아스파탐,아세설팜칼륨","아스파탐:0,아세설팜칼륨:0",,18,https://s3.zerofinder.co.kr/public/products/original/0KVTWDT2Q7800.png,,https://zerofinder.co.kr/product/0PCNV3FYR86RR
마운틴듀제로슈거,롯데칠성음료,음료,18400,estimated,무당류,0,0,0.01,0.02,0,10,100,mL,"아스파탐,아세설팜칼륨,아라비아검","아스파탐:0,아세설팜칼륨:0,아라비아검:0",,10,https://s3.zerofinder.co.kr/public/products/original/0KVQ7NMBB0R00.png,,https://zerofinder.co.kr/product/0PCZ4B7GKWRW4
토레타! 제로,해태에이치티비,음료,16500,estimated,무당류,1,0,0.2,0,0,54,100,mL,"수크랄로스,아세설팜칼륨","수크랄로스:0,아세설팜칼륨:0",,16,https://s3.zerofinder.co.kr/public/products/original/0KVQ79WZQWR00.png,,https://zerofinder.co.kr/product/0PCZ71C283DY4
진로토닉워터 제로,상일,음료,26270,danawa,저당류,10,2,9.7,0,0,70,100,mL,"수크랄로스,아세설팜칼륨,알룰로스,효소처리스테비아,사카린나트륨","수크랄로스:0,아세설팜칼륨:0,알룰로스:2.37,효소처리스테비아:0,사카린나트륨:0",,15,https://s3.zerofinder.co.kr/public/products/original/0KVQ60FSQWR00.png,,https://zerofinder.co.kr/product/0PCZ71C285X5B
스프라이트 제로 Chill,오케이에프음료 ,음료,13700,estimated,무당류,0,0,0,0,0,11,100,mL,"수크랄로스,아세설팜칼륨","수크랄로스:0,아세설팜칼륨:0",,33,https://s3.zerofinder.co.kr/public/products/original/0KVQ5FHP4GR00.png,,https://zerofinder.co.kr/product/0PCZ71C287HSX
제로 복숭아 아이스티, 대상다이브스,간식/디저트,12440,danawa,무당류,3,0,20.6,0.18,0.09,50,100,g,"수크랄로스,에리스리톨","수크랄로스:0,에리스리톨:11.2",,35,https://s3.zerofinder.co.kr/public/products/original/0KVQ50DBT0R00.png,,https://zerofinder.co.kr/product/0PCZ71C28FD1S
제로 티베이스 납작복숭아,서울팩토리,음료,18900,estimated,무당류,7,0.49,36.98,0.16,0.01,112,100,g,"수크랄로스,아세설팜칼륨","수크랄로스:0,아세설팜칼륨:0",,19,https://s3.zerofinder.co.kr/public/products/original/0KVQ16WEP8R00.png,,https://zerofinder.co.kr/product/0PCZ71C28S6KX
파워에이드 제로 라임향,해태에이치티비,음료,18900,estimated,무당류,1,0,0.3,0,0,58,100,mL,"수크랄로스,아세설팜칼륨","수크랄로스:0,아세설팜칼륨:0",,23,https://s3.zerofinder.co.kr/public/products/original/0KVPZ6S7WCR00.png,,https://zerofinder.co.kr/product/0PCZ71C292RF7
썬키스트 제로 복숭아레몬 소다,건강한사람들  2사업장,음료,26400,estimated,무당류,0,0,2.67,0,0,13,100,mL,"수크랄로스,아세설팜칼륨,알룰로스,D-소비톨액","수크랄로스:0,아세설팜칼륨:0,알룰로스:2.63,D-소비톨액:0",,34,https://s3.zerofinder.co.kr/public/products/original/0KVPXC04BWR00.png,,https://zerofinder.co.kr/product/0PCZ71C297MFB
환타 제로 파인애플향,코카콜라음료,음료,24900,danawa,무당류,0,0,0,0,0,8,100,mL,"수크랄로스,아세설팜칼륨","수크랄로스:0,아세설팜칼륨:0",,19,https://s3.zerofinder.co.kr/public/products/original/0KVPWZ64SMR00.png,,https://zerofinder.co.kr/product/0PCZ71C29BPV3
환타 제로 상큼 피치,대경사과원예농협음료가공공장,음료,30400,estimated,무당류,1,0,0.26,0,0,18,100,mL,"수크랄로스,아세설팜칼륨","수크랄로스:0,아세설팜칼륨:0",,55,https://s3.zerofinder.co.kr/public/products/original/0KVPWR7F2RR00.png,,https://zerofinder.co.kr/product/0PCZ71C29CK7N
클룹 제로소다 복숭아,오케이에프음료,음료,48150,danawa,무당류,1,0,3.2,0,0,6,100,mL,"수크랄로스,아세설팜칼륨,에리스리톨","수크랄로스:0,아세설팜칼륨:0,에리스리톨:1.5",,42,https://s3.zerofinder.co.kr/public/products/original/0KVPVJDYAMR00.png,,https://zerofinder.co.kr/product/0PCZ71C29EEM1
웰치 제로 그레이프맛,보해양조,음료,25700,estimated,무당류,0,0,2.25,0,0,0,100,mL,알룰로스,알룰로스:2.25,,17,https://s3.zerofinder.co.kr/public/products/original/0KVPTGK4H4R00.png,,https://zerofinder.co.kr/product/0PCZ71C29GZRT
초코헬스 제로넛츠,립사이팅,간식/디저트,16400,estimated,무당류,580,0,48,12,40,20,100,g,"스테비아,D-말티톨","스테비아:0,D-말티톨:27.6",,39,https://s3.zerofinder.co.kr/public/products/original/0KVPSK34SRR00.png,,https://zerofinder.co.kr/product/0PCZ71C29QJE1
스프라이트 제로,튤립인터내셔널,음료,17700,estimated,무당류,0,0,0,0,0,3,100,mL,"수크랄로스,아세설팜칼륨","수크랄로스:0,아세설팜칼륨:0",,14,https://s3.zerofinder.co.kr/public/products/original/0KVPS9H014R00.png,,https://zerofinder.co.kr/product/0PCZ71C29YRMR
닥터케어 당코치 제로,종근당건강,건강기능식품,57900,estimated,무당류,50,0,5,6,1.05,120,100,mL,"수크랄로스,아세설팜칼륨","수크랄로스:0,아세설팜칼륨:0",,57,https://s3.zerofinder.co.kr/public/products/original/0KVPRRNZGCR00.png,,https://zerofinder.co.kr/product/0PCZ71C2A3A67
후레쉬 알로에 제로슈가,웅진식품,음료,16200,estimated,무당류,2,0,2.4,0,0,10,100,mL,에리스리톨,에리스리톨:1.5,,8,https://s3.zerofinder.co.kr/public/products/original/0KVPRHPZ58R00.png,,https://zerofinder.co.kr/product/0PCZ71C2A5VJD
제로블리 오렌지,엠디에스코리아4공장,간식/디저트,12800,estimated,무당류,8,0,16.67,0,0,75,100,g,"수크랄로스,에리스리톨,효소처리스테비아","수크랄로스:0,에리스리톨:13,효소처리스테비아:0",,24,https://s3.zerofinder.co.kr/public/products/original/0KVPQQ858XM00.png,,https://zerofinder.co.kr/product/0PCZ71C2AKT1K
클룹 스프린트 에너지 애플블라스트 제로,오케이에프음료,음료,39870,danawa,무당류,4,0,0.8,0.4,0,14,100,mL,"수크랄로스,아세설팜칼륨,에리스리톨","수크랄로스:0,아세설팜칼륨:0,에리스리톨:1.25",,57,https://s3.zerofinder.co.kr/public/products/original/0KVPQFXJNSM00.png,,https://zerofinder.co.kr/product/0PCZ71C2FRE3S
피에르 제로 시그니처 에퍼베슨트 샤르도네,LESJARDINSDEL'ORBRIE,기타,30600,estimated,,60,15,15,0,0,60,100,mL,,,,23,https://s3.zerofinder.co.kr/public/products/original/0KVP8GGJDCW00.png,,https://zerofinder.co.kr/product/0PCZ71C2CFXBM
바르닭 제로당 소스품은 닭가슴살 탄두리맛, 에스엘푸드,육가공품,19500,estimated,무당류,149,0.33,5.37,18,6.22,607,100,g,효소처리스테비아,효소처리스테비아:0,,34,https://s3.zerofinder.co.kr/public/products/original/0KVP32JJNF800.png,,https://zerofinder.co.kr/product/0PCZ71C2C65A6
바르닭 제로당 소스품은 닭가슴살 바질맛,바르닭,육가공품,23500,estimated,무당류,148,0,5.4,17.72,6.14,470,100,g,효소처리스테비아,효소처리스테비아:0,,49,https://s3.zerofinder.co.kr/public/products/original/0KVP2YQGSB800.png,,https://zerofinder.co.kr/product/0PCZ71C2CGKZZ
꼬기다 닭가슴살 제로 화이트어니언맛,미가온푸드,육가공품,18900,estimated,무당류,140,0.37,4.48,17.92,5.59,343,100,g,알룰로스,알룰로스:5,,22,https://s3.zerofinder.co.kr/public/products/original/0KVP2W3YHQ800.png,,https://zerofinder.co.kr/product/0PCZ71C2D37VP
꼬기다 닭가슴살 제로 하이라이스맛,미가온푸드,육가공품,20500,estimated,무당류,104,0.24,3.77,17.81,1.98,326,100,g,에리스리톨,에리스리톨:4.2,,36,https://s3.zerofinder.co.kr/public/products/original/0KVP2RBBVZ800.png,,https://zerofinder.co.kr/product/0PCZ71C2FPWHV
꼬기다 닭가슴살 제로 참숯바베큐맛,미가온푸드,육가공품,19400,estimated,무당류,117,0.23,5.65,20.56,1.4,301,100,g,에리스리톨,에리스리톨:0,,43,https://s3.zerofinder.co.kr/public/products/original/0KVP2NEJHQ800.png,,https://zerofinder.co.kr/product/0PCZ71C2DPB8N
바르닭 제로당 소스품은 닭가슴살 닭갈비맛, 에스엘푸드,육가공품,12900,estimated,무당류,158,0,7.17,18.01,6.39,647,100,g,효소처리스테비아,효소처리스테비아:0,,32,https://s3.zerofinder.co.kr/public/products/original/0KVP2D7WJZ800.png,,https://zerofinder.co.kr/product/0PCZ71C2DVXT1
르쎄떼 제로슈가 피치 블랙티 파우더,아름터,기타,34400,estimated,무당류,30,0,97,0,0.5,30,100,g,"수크랄로스,에리스리톨,효소처리스테비아","수크랄로스:0,에리스리톨:90.31,효소처리스테비아:0",,43,https://s3.zerofinder.co.kr/public/products/original/0KVNYQY287800.png,,https://zerofinder.co.kr/product/0PCZ71C2EW9K5
디보션 식물성 제로 콜레스테롤 왕교자 찐새우맛,엄지식품,즉석식품,23800,estimated,저당류,140,1.19,20.95,6.19,3.57,295,100,g,,,,10,https://s3.zerofinder.co.kr/public/products/original/0KVNY9Y8EV800.png,,https://zerofinder.co.kr/product/0PCNV3FZGJ3FS
설탕대신 알룰로스를 사용하여 만든 제로슈가 소불고기,푸드랩플러스,육가공품,16000,estimated,무당류,154,0.3,11.1,13.3,6.3,386,100,g,,,,48,https://s3.zerofinder.co.kr/public/products/original/0KVNY6JGRZ800.png,,https://zerofinder.co.kr/product/0PCNV3FZKSRVA
바르닭 제로당 소스품은 닭가슴살 블랙페퍼맛,에스엘푸드,육가공품,26000,estimated,무당류,160,0,8.71,17.57,6.14,543,100,g,효소처리스테비아,효소처리스테비아:0,,41,https://s3.zerofinder.co.kr/public/products/original/0KVNXMCA33800.png,,https://zerofinder.co.kr/product/0PCZ71C2EHB2Q
제로슈가 안동식 찜닭,한강식품,육가공품,10387,danawa,무당류,219,0,10.15,12.04,14.48,437,100,g,,,,6,https://s3.zerofinder.co.kr/public/products/original/0KVNX8YA2V800.png,,https://zerofinder.co.kr/product/0PCNV3FZ2CPY6
제로당 소스퐁닭 버터커리, 와이앤비푸드,육가공품,28600,estimated,무당류,95,0,4,17,1.4,470,100,g,,,,48,https://s3.zerofinder.co.kr/public/products/original/0KVNWY32DZ800.png,,https://zerofinder.co.kr/product/0PCNV3FZ862Z1
"7days 제로 곤약젤리, 자두맛",자임에프앤비,간식/디저트,4290,real,무당류,3,0,7.6,0,0,37,100,g,에리스리톨,에리스리톨:6.87,,57,https://s3.zerofinder.co.kr/public/products/original/0KVNRK4GTQG00.png,https://s3.zerofinder.co.kr/public/nutritionfacts/0KYX39QN6TW00.png,https://zerofinder.co.kr/product/0PCNV3FZAFC4E
모구모구 나타데코코 제로슈가 트로피칼딜라이트 플래버 드링크,SAPPE PUBLIC COMPANY LIMITED,음료,18500,estimated,무당류,8,0,2,0,0,85,100,mL,,,,7,https://s3.zerofinder.co.kr/public/products/original/0KVNRCXZWZG00.png,,https://zerofinder.co.kr/product/0PCNV3FZK3X4M
알파CD제로컷,비오팜,기타,16200,danawa,저당류,371,4.56,92.25,0.33,0.1,5,100,g,효소처리스테비아,효소처리스테비아:0,,16,https://s3.zerofinder.co.kr/public/products/original/0KVNR66C0VW00.png,,https://zerofinder.co.kr/product/0PCZ71C2ARS08
초록매실 스파클링 제로,웅진,음료,12970,danawa,무당류,0,0,1.71,0,0,10,100,mL,"수크랄로스,아세설팜칼륨,에리스리톨","수크랄로스:0,아세설팜칼륨:0,에리스리톨:1.6",,46,https://s3.zerofinder.co.kr/public/products/original/0KVNQHE46BW00.png,,https://zerofinder.co.kr/product/0PCZ71C2AZVM0
제로 티베이스 캐모마일 사과향,서울팩토리,음료,21700,estimated,무당류,5,0.24,40.01,0.09,0.01,64,100,g,"수크랄로스,아세설팜칼륨,알룰로스,D-소비톨액","수크랄로스:0,아세설팜칼륨:0,알룰로스:39,D-소비톨액:0",,22,https://s3.zerofinder.co.kr/public/products/original/0KVNQ0VM2VW00.png,,https://zerofinder.co.kr/product/0PCZ71C2BATYT
클룹 애사비소다 오리지널 제로,보해양조 장성공장,음료,16900,estimated,무당류,3,0,0.64,0.1,0,10,100,mL,알룰로스,알룰로스:2.5,,42,https://s3.zerofinder.co.kr/public/products/original/0KVNPP58SQW00.png,,https://zerofinder.co.kr/product/0PCZ71C2BEAR9
클룹 스프린트 에너지 레몬부스트 제로,오케이에프음료,음료,39870,danawa,무당류,4,0,0.8,0.4,0,14,100,mL,"수크랄로스,아세설팜칼륨","수크랄로스:0,아세설팜칼륨:0",,57,https://s3.zerofinder.co.kr/public/products/original/0KVNPAFW0VW00.png,,https://zerofinder.co.kr/product/0PCZ71C2C0NTH
닥터 페퍼 제로 스트로베리크림향,동아에코팩,음료,22600,estimated,무당류,0,0,0,0,0,8,100,mL,"수크랄로스,아세설팜칼륨","수크랄로스:0,아세설팜칼륨:0",,10,https://s3.zerofinder.co.kr/public/products/original/0KVNNZCXAQW00.png,,https://zerofinder.co.kr/product/0PCZ71C2CTBB6
클룹 애사비소다 레몬비니거 제로,보해양조 장성공장,음료,22200,estimated,무당류,3,0,0.61,0.09,0.02,11,100,mL,알룰로스,알룰로스:5,,31,https://s3.zerofinder.co.kr/public/products/original/0KVNNAE8ZZW00.png,,https://zerofinder.co.kr/product/0PCZ71C2DE4S4
클룹 스프린트 에너지 사우어베리 제로,오케이에프음료,음료,39870,danawa,무당류,4,0,0.8,0.4,0,14,100,mL,"수크랄로스,아세설팜칼륨","수크랄로스:0,아세설팜칼륨:0",,47,https://s3.zerofinder.co.kr/public/products/original/0KVNKRXP0QW00.png,,https://zerofinder.co.kr/product/0PCZ71C2F4BN3
"7days 제로 곤약젤리, 청포도맛",자임에프앤비,간식/디저트,11900,estimated,무당류,2,0,7.5,0,0,39,100,g,에리스리톨,에리스리톨:6.87,,15,https://s3.zerofinder.co.kr/public/products/original/0KVNB57JNKG00.png,,https://zerofinder.co.kr/product/0PCNV3FZAFX4D
제로 티베이스 납작복숭아 망고향,서울팩토리,음료,19600,estimated,무당류,9,0.46,38,0.13,0.01,84,100,g,"수크랄로스,아세설팜칼륨,알룰로스","수크랄로스:0,아세설팜칼륨:0,알룰로스:36",,49,https://s3.zerofinder.co.kr/public/products/original/0KTRCSPSY3C00.png,,https://zerofinder.co.kr/product/0PCZ71C2EM2PB
